ProductID,SupplierID,WarehouseID,SnapshotDate,StockLevel,ReorderPoint
1,1,1,2024-01-31,186,68
1,5,1,2024-02-29,99,61
1,4,1,2024-03-31,232,68
1,4,1,2024-04-30,264,120
1,4,1,2024-05-31,205,144
1,5,1,2024-06-30,338,65
1,4,1,2024-07-31,68,148
1,3,1,2024-08-31,24,101
1,5,1,2024-09-30,468,149
1,1,1,2024-10-31,150,65
1,2,1,2024-11-30,38,102
1,2,1,2024-12-31,185,88
1,5,2,2024-01-31,132,84
1,2,2,2024-02-29,234,124
1,1,2,2024-03-31,238,125
1,4,2,2024-04-30,73,107
1,5,2,2024-05-31,400,56
1,1,2,2024-06-30,167,91
1,2,2,2024-07-31,433,76
1,5,2,2024-08-31,193,54
1,3,2,2024-09-30,164,87
1,4,2,2024-10-31,135,114
1,1,2,2024-11-30,144,120
1,4,2,2024-12-31,300,53
1,3,3,2024-01-31,69,80
1,3,3,2024-02-29,444,103
1,3,3,2024-03-31,201,139
1,5,3,2024-04-30,38,116
1,2,3,2024-05-31,140,141
1,5,3,2024-06-30,147,141
1,1,3,2024-07-31,382,88
1,4,3,2024-08-31,386,126
1,4,3,2024-09-30,189,112
1,1,3,2024-10-31,368,74
1,2,3,2024-11-30,421,55
1,5,3,2024-12-31,43,94
2,5,1,2024-01-31,316,96
2,3,1,2024-02-29,79,134
2,3,1,2024-03-31,251,85
2,1,1,2024-04-30,146,69
2,1,1,2024-05-31,401,96
2,1,1,2024-06-30,304,63
2,3,1,2024-07-31,372,103
2,1,1,2024-08-31,143,136
2,2,1,2024-09-30,458,61
2,4,1,2024-10-31,223,65
2,5,1,2024-11-30,407,77
2,4,1,2024-12-31,7,141
2,2,2,2024-01-31,89,57
2,4,2,2024-02-29,315,99
2,4,2,2024-03-31,219,90
2,1,2,2024-04-30,191,76
2,5,2,2024-05-31,200,82
2,4,2,2024-06-30,211,126
2,5,2,2024-07-31,239,78
2,5,2,2024-08-31,45,84
2,3,2,2024-09-30,389,131
2,1,2,2024-10-31,255,118
2,2,2,2024-11-30,449,59
2,1,2,2024-12-31,250,54
2,2,3,2024-01-31,373,114
2,3,3,2024-02-29,223,98
2,1,3,2024-03-31,340,75
2,3,3,2024-04-30,341,108
2,1,3,2024-05-31,176,126
2,1,3,2024-06-30,97,148
2,4,3,2024-07-31,404,104
2,5,3,2024-08-31,464,118
2,5,3,2024-09-30,357,52
2,5,3,2024-10-31,22,102
2,3,3,2024-11-30,201,123
2,1,3,2024-12-31,144,134
3,3,1,2024-01-31,365,50
3,4,1,2024-02-29,172,126
3,1,1,2024-03-31,445,114
3,2,1,2024-04-30,487,81
3,2,1,2024-05-31,347,144
3,3,1,2024-06-30,249,83
3,4,1,2024-07-31,378,99
3,4,1,2024-08-31,448,103
3,3,1,2024-09-30,388,143
3,5,1,2024-10-31,312,66
3,2,1,2024-11-30,340,63
3,4,1,2024-12-31,74,100
3,2,2,2024-01-31,225,87
3,3,2,2024-02-29,97,131
3,2,2,2024-03-31,434,112
3,1,2,2024-04-30,307,87
3,4,2,2024-05-31,471,128
3,1,2,2024-06-30,29,100
3,4,2,2024-07-31,132,78
3,1,2,2024-08-31,137,105
3,4,2,2024-09-30,329,66
3,5,2,2024-10-31,339,137
3,5,2,2024-11-30,33,55
3,3,2,2024-12-31,449,126
3,3,3,2024-01-31,42,124
3,3,3,2024-02-29,110,72
3,4,3,2024-03-31,373,65
3,1,3,2024-04-30,359,53
3,3,3,2024-05-31,194,145
3,2,3,2024-06-30,154,142
3,3,3,2024-07-31,60,100
3,2,3,2024-08-31,276,54
3,5,3,2024-09-30,91,91
3,1,3,2024-10-31,21,70
3,2,3,2024-11-30,132,61
3,1,3,2024-12-31,45,83
4,5,1,2024-01-31,77,139
4,2,1,2024-02-29,410,122
4,1,1,2024-03-31,248,96
4,3,1,2024-04-30,213,105
4,5,1,2024-05-31,318,97
4,4,1,2024-06-30,336,75
4,1,1,2024-07-31,256,57
4,2,1,2024-08-31,354,101
4,2,1,2024-09-30,27,136
4,3,1,2024-10-31,364,75
4,3,1,2024-11-30,311,56
4,3,1,2024-12-31,110,72
4,2,2,2024-01-31,238,67
4,3,2,2024-02-29,293,148
4,1,2,2024-03-31,14,113
4,2,2,2024-04-30,118,77
4,1,2,2024-05-31,38,106
4,2,2,2024-06-30,230,135
4,1,2,2024-07-31,125,93
4,4,2,2024-08-31,144,62
4,2,2,2024-09-30,24,117
4,4,2,2024-10-31,66,67
4,2,2,2024-11-30,110,135
4,1,2,2024-12-31,110,57
4,2,3,2024-01-31,235,132
4,4,3,2024-02-29,424,55
4,2,3,2024-03-31,281,113
4,3,3,2024-04-30,442,105
4,5,3,2024-05-31,364,119
4,5,3,2024-06-30,376,82
4,4,3,2024-07-31,149,70
4,1,3,2024-08-31,349,124
4,3,3,2024-09-30,246,52
4,5,3,2024-10-31,30,89
4,2,3,2024-11-30,35,73
4,3,3,2024-12-31,467,141
5,1,1,2024-01-31,3,128
5,1,1,2024-02-29,93,100
5,3,1,2024-03-31,193,128
5,3,1,2024-04-30,391,75
5,5,1,2024-05-31,172,93
5,4,1,2024-06-30,325,75
5,1,1,2024-07-31,274,133
5,1,1,2024-08-31,19,61
5,5,1,2024-09-30,89,63
5,4,1,2024-10-31,381,60
5,1,1,2024-11-30,332,52
5,2,1,2024-12-31,389,99
5,2,2,2024-01-31,260,72
5,5,2,2024-02-29,171,51
5,4,2,2024-03-31,167,51
5,5,2,2024-04-30,320,112
5,1,2,2024-05-31,328,66
5,3,2,2024-06-30,458,64
5,1,2,2024-07-31,93,144
5,4,2,2024-08-31,68,111
5,5,2,2024-09-30,235,99
5,1,2,2024-10-31,375,124
5,3,2,2024-11-30,417,125
5,4,2,2024-12-31,34,50
5,3,3,2024-01-31,319,142
5,4,3,2024-02-29,360,63
5,5,3,2024-03-31,285,84
5,3,3,2024-04-30,164,54
5,2,3,2024-05-31,378,127
5,1,3,2024-06-30,61,53
5,1,3,2024-07-31,236,91
5,3,3,2024-08-31,401,89
5,1,3,2024-09-30,124,87
5,1,3,2024-10-31,22,112
5,1,3,2024-11-30,152,66
5,5,3,2024-12-31,494,115
6,3,1,2024-01-31,103,100
6,3,1,2024-02-29,197,55
6,2,1,2024-03-31,390,100
6,5,1,2024-04-30,447,64
6,3,1,2024-05-31,288,143
6,1,1,2024-06-30,419,78
6,1,1,2024-07-31,96,76
6,2,1,2024-08-31,253,117
6,3,1,2024-09-30,9,54
6,5,1,2024-10-31,329,146
6,4,1,2024-11-30,158,96
6,4,1,2024-12-31,364,137
6,5,2,2024-01-31,183,64
6,5,2,2024-02-29,135,54
6,4,2,2024-03-31,46,117
6,3,2,2024-04-30,172,51
6,4,2,2024-05-31,94,85
6,3,2,2024-06-30,281,92
6,3,2,2024-07-31,68,69
6,2,2,2024-08-31,253,123
6,2,2,2024-09-30,301,61
6,2,2,2024-10-31,140,111
6,4,2,2024-11-30,472,146
6,4,2,2024-12-31,170,125
6,5,3,2024-01-31,355,117
6,2,3,2024-02-29,375,86
6,2,3,2024-03-31,496,141
6,5,3,2024-04-30,392,100
6,1,3,2024-05-31,461,89
6,1,3,2024-06-30,213,60
6,2,3,2024-07-31,301,70
6,1,3,2024-08-31,109,85
6,3,3,2024-09-30,0,112
6,5,3,2024-10-31,423,64
6,5,3,2024-11-30,430,122
6,4,3,2024-12-31,136,123
7,1,1,2024-01-31,312,75
7,4,1,2024-02-29,290,112
7,3,1,2024-03-31,24,139
7,2,1,2024-04-30,293,51
7,3,1,2024-05-31,474,83
7,3,1,2024-06-30,16,92
7,1,1,2024-07-31,363,100
7,5,1,2024-08-31,454,101
7,1,1,2024-09-30,343,82
7,3,1,2024-10-31,284,112
7,4,1,2024-11-30,149,75
7,1,1,2024-12-31,369,134
7,4,2,2024-01-31,454,130
7,4,2,2024-02-29,360,98
7,4,2,2024-03-31,117,135
7,1,2,2024-04-30,62,110
7,5,2,2024-05-31,326,50
7,3,2,2024-06-30,477,136
7,3,2,2024-07-31,378,105
7,5,2,2024-08-31,317,81
7,5,2,2024-09-30,304,94
7,3,2,2024-10-31,285,65
7,3,2,2024-11-30,17,50
7,4,2,2024-12-31,174,115
7,3,3,2024-01-31,112,143
7,1,3,2024-02-29,318,53
7,3,3,2024-03-31,263,78
7,2,3,2024-04-30,287,59
7,4,3,2024-05-31,466,83
7,4,3,2024-06-30,480,136
7,5,3,2024-07-31,287,99
7,1,3,2024-08-31,7,114
7,3,3,2024-09-30,246,116
7,1,3,2024-10-31,254,121
7,3,3,2024-11-30,238,116
7,2,3,2024-12-31,96,141
8,3,1,2024-01-31,290,145
8,4,1,2024-02-29,399,117
8,5,1,2024-03-31,164,103
8,2,1,2024-04-30,397,144
8,1,1,2024-05-31,6,123
8,3,1,2024-06-30,150,134
8,4,1,2024-07-31,111,68
8,2,1,2024-08-31,284,109
8,5,1,2024-09-30,1,50
8,2,1,2024-10-31,403,60
8,4,1,2024-11-30,385,116
8,5,1,2024-12-31,19,54
8,1,2,2024-01-31,421,143
8,4,2,2024-02-29,225,102
8,4,2,2024-03-31,354,135
8,2,2,2024-04-30,279,130
8,1,2,2024-05-31,157,108
8,1,2,2024-06-30,369,130
8,5,2,2024-07-31,39,115
8,3,2,2024-08-31,280,122
8,2,2,2024-09-30,493,53
8,5,2,2024-10-31,441,78
8,5,2,2024-11-30,97,136
8,2,2,2024-12-31,74,119
8,2,3,2024-01-31,127,134
8,2,3,2024-02-29,355,90
8,1,3,2024-03-31,16,86
8,5,3,2024-04-30,485,125
8,5,3,2024-05-31,361,135
8,3,3,2024-06-30,26,106
8,4,3,2024-07-31,167,147
8,2,3,2024-08-31,236,102
8,2,3,2024-09-30,172,66
8,2,3,2024-10-31,468,141
8,2,3,2024-11-30,45,113
8,3,3,2024-12-31,309,114
9,3,1,2024-01-31,180,85
9,5,1,2024-02-29,281,78
9,3,1,2024-03-31,266,89
9,3,1,2024-04-30,163,108
9,5,1,2024-05-31,309,147
9,2,1,2024-06-30,311,82
9,3,1,2024-07-31,35,69
9,3,1,2024-08-31,226,130
9,1,1,2024-09-30,364,147
9,5,1,2024-10-31,153,115
9,1,1,2024-11-30,72,122
9,5,1,2024-12-31,128,138
9,1,2,2024-01-31,426,91
9,3,2,2024-02-29,38,84
9,3,2,2024-03-31,497,93
9,4,2,2024-04-30,477,147
9,3,2,2024-05-31,274,93
9,1,2,2024-06-30,304,110
9,1,2,2024-07-31,329,106
9,3,2,2024-08-31,302,61
9,5,2,2024-09-30,263,144
9,5,2,2024-10-31,80,136
9,1,2,2024-11-30,373,129
9,4,2,2024-12-31,465,138
9,2,3,2024-01-31,142,108
9,2,3,2024-02-29,488,75
9,1,3,2024-03-31,15,120
9,5,3,2024-04-30,406,75
9,5,3,2024-05-31,85,56
9,3,3,2024-06-30,6,58
9,2,3,2024-07-31,175,121
9,5,3,2024-08-31,314,136
9,4,3,2024-09-30,81,144
9,2,3,2024-10-31,422,148
9,3,3,2024-11-30,442,66
9,5,3,2024-12-31,107,109
10,5,1,2024-01-31,97,52
10,2,1,2024-02-29,170,89
10,4,1,2024-03-31,182,136
10,1,1,2024-04-30,38,64
10,1,1,2024-05-31,3,142
10,1,1,2024-06-30,396,131
10,4,1,2024-07-31,15,91
10,3,1,2024-08-31,381,115
10,3,1,2024-09-30,169,83
10,5,1,2024-10-31,246,62
10,3,1,2024-11-30,273,81
10,4,1,2024-12-31,378,88
10,1,2,2024-01-31,28,111
10,5,2,2024-02-29,476,111
10,4,2,2024-03-31,235,106
10,1,2,2024-04-30,238,59
10,5,2,2024-05-31,358,133
10,1,2,2024-06-30,64,143
10,2,2,2024-07-31,2,94
10,5,2,2024-08-31,323,67
10,1,2,2024-09-30,152,97
10,1,2,2024-10-31,436,128
10,1,2,2024-11-30,398,98
10,4,2,2024-12-31,343,117
10,5,3,2024-01-31,186,86
10,4,3,2024-02-29,484,92
10,3,3,2024-03-31,197,88
10,2,3,2024-04-30,61,126
10,4,3,2024-05-31,152,120
10,4,3,2024-06-30,259,108
10,5,3,2024-07-31,348,112
10,3,3,2024-08-31,242,123
10,2,3,2024-09-30,225,106
10,5,3,2024-10-31,424,52
10,1,3,2024-11-30,260,103
10,4,3,2024-12-31,8,148
11,3,1,2024-01-31,377,110
11,2,1,2024-02-29,489,84
11,1,1,2024-03-31,337,111
11,3,1,2024-04-30,215,52
11,5,1,2024-05-31,485,62
11,1,1,2024-06-30,494,138
11,5,1,2024-07-31,67,63
11,1,1,2024-08-31,97,60
11,3,1,2024-09-30,439,116
11,1,1,2024-10-31,475,78
11,2,1,2024-11-30,194,74
11,1,1,2024-12-31,331,91
11,1,2,2024-01-31,462,89
11,3,2,2024-02-29,260,60
11,4,2,2024-03-31,225,137
11,3,2,2024-04-30,462,87
11,2,2,2024-05-31,388,97
11,5,2,2024-06-30,401,119
11,5,2,2024-07-31,315,97
11,5,2,2024-08-31,283,118
11,5,2,2024-09-30,80,89
11,5,2,2024-10-31,223,111
11,3,2,2024-11-30,114,107
11,2,2,2024-12-31,55,89
11,5,3,2024-01-31,39,140
11,3,3,2024-02-29,236,82
11,4,3,2024-03-31,335,89
11,3,3,2024-04-30,352,108
11,5,3,2024-05-31,303,90
11,1,3,2024-06-30,362,94
11,4,3,2024-07-31,180,91
11,4,3,2024-08-31,190,76
11,3,3,2024-09-30,6,54
11,1,3,2024-10-31,44,107
11,2,3,2024-11-30,498,80
11,3,3,2024-12-31,393,81
12,2,1,2024-01-31,436,79
12,5,1,2024-02-29,355,51
12,2,1,2024-03-31,476,61
12,3,1,2024-04-30,223,62
12,2,1,2024-05-31,112,66
12,5,1,2024-06-30,187,113
12,3,1,2024-07-31,162,119
12,2,1,2024-08-31,413,120
12,2,1,2024-09-30,232,145
12,4,1,2024-10-31,318,77
12,5,1,2024-11-30,334,143
12,4,1,2024-12-31,476,71
12,4,2,2024-01-31,403,145
12,3,2,2024-02-29,241,117
12,4,2,2024-03-31,191,66
12,2,2,2024-04-30,405,66
12,2,2,2024-05-31,373,114
12,2,2,2024-06-30,119,131
12,5,2,2024-07-31,269,113
12,3,2,2024-08-31,203,85
12,5,2,2024-09-30,226,101
12,5,2,2024-10-31,459,56
12,3,2,2024-11-30,394,82
12,2,2,2024-12-31,458,107
12,2,3,2024-01-31,481,95
12,1,3,2024-02-29,284,53
12,1,3,2024-03-31,98,62
12,5,3,2024-04-30,38,64
12,4,3,2024-05-31,156,124
12,4,3,2024-06-30,287,51
12,3,3,2024-07-31,21,124
12,4,3,2024-08-31,194,130
12,5,3,2024-09-30,439,141
12,5,3,2024-10-31,20,96
12,3,3,2024-11-30,442,133
12,3,3,2024-12-31,440,118
13,4,1,2024-01-31,256,107
13,2,1,2024-02-29,421,64
13,1,1,2024-03-31,444,84
13,4,1,2024-04-30,280,73
13,4,1,2024-05-31,273,64
13,4,1,2024-06-30,207,76
13,1,1,2024-07-31,429,138
13,3,1,2024-08-31,92,102
13,4,1,2024-09-30,173,99
13,5,1,2024-10-31,198,52
13,5,1,2024-11-30,447,93
13,2,1,2024-12-31,23,109
13,1,2,2024-01-31,386,69
13,1,2,2024-02-29,221,127
13,4,2,2024-03-31,381,133
13,1,2,2024-04-30,8,87
13,5,2,2024-05-31,443,112
13,3,2,2024-06-30,116,51
13,1,2,2024-07-31,63,126
13,2,2,2024-08-31,71,70
13,2,2,2024-09-30,477,113
13,3,2,2024-10-31,365,144
13,1,2,2024-11-30,300,138
13,3,2,2024-12-31,101,90
13,1,3,2024-01-31,213,100
13,1,3,2024-02-29,400,125
13,4,3,2024-03-31,45,81
13,2,3,2024-04-30,147,82
13,2,3,2024-05-31,423,81
13,1,3,2024-06-30,352,51
13,1,3,2024-07-31,288,126
13,2,3,2024-08-31,76,75
13,2,3,2024-09-30,165,139
13,2,3,2024-10-31,497,64
13,1,3,2024-11-30,105,93
13,5,3,2024-12-31,359,124
14,1,1,2024-01-31,450,55
14,1,1,2024-02-29,261,122
14,2,1,2024-03-31,369,125
14,4,1,2024-04-30,347,111
14,3,1,2024-05-31,317,56
14,4,1,2024-06-30,83,129
14,2,1,2024-07-31,389,107
14,1,1,2024-08-31,382,52
14,3,1,2024-09-30,187,63
14,4,1,2024-10-31,465,61
14,5,1,2024-11-30,396,74
14,4,1,2024-12-31,242,68
14,5,2,2024-01-31,172,57
14,3,2,2024-02-29,118,102
14,2,2,2024-03-31,299,131
14,5,2,2024-04-30,210,71
14,1,2,2024-05-31,351,105
14,4,2,2024-06-30,58,52
14,5,2,2024-07-31,201,84
14,1,2,2024-08-31,92,103
14,1,2,2024-09-30,390,125
14,2,2,2024-10-31,349,134
14,4,2,2024-11-30,444,73
14,4,2,2024-12-31,292,53
14,4,3,2024-01-31,363,69
14,1,3,2024-02-29,151,99
14,1,3,2024-03-31,434,145
14,4,3,2024-04-30,419,147
14,2,3,2024-05-31,65,128
14,2,3,2024-06-30,419,55
14,5,3,2024-07-31,242,107
14,5,3,2024-08-31,267,52
14,5,3,2024-09-30,17,89
14,3,3,2024-10-31,398,146
14,4,3,2024-11-30,281,57
14,2,3,2024-12-31,239,143
15,2,1,2024-01-31,427,63
15,5,1,2024-02-29,374,86
15,4,1,2024-03-31,421,90
15,1,1,2024-04-30,380,63
15,1,1,2024-05-31,83,51
15,1,1,2024-06-30,378,138
15,3,1,2024-07-31,27,115
15,1,1,2024-08-31,228,54
15,4,1,2024-09-30,423,125
15,3,1,2024-10-31,300,72
15,2,1,2024-11-30,9,116
15,4,1,2024-12-31,92,59
15,5,2,2024-01-31,349,50
15,3,2,2024-02-29,275,57
15,1,2,2024-03-31,459,50
15,4,2,2024-04-30,63,133
15,5,2,2024-05-31,120,86
15,1,2,2024-06-30,203,86
15,4,2,2024-07-31,496,93
15,4,2,2024-08-31,366,128
15,4,2,2024-09-30,250,110
15,2,2,2024-10-31,369,127
15,4,2,2024-11-30,456,86
15,1,2,2024-12-31,281,78
15,5,3,2024-01-31,118,84
15,5,3,2024-02-29,244,108
15,4,3,2024-03-31,160,100
15,5,3,2024-04-30,489,69
15,3,3,2024-05-31,241,137
15,1,3,2024-06-30,298,147
15,1,3,2024-07-31,305,78
15,3,3,2024-08-31,38,144
15,4,3,2024-09-30,177,72
15,5,3,2024-10-31,293,133
15,2,3,2024-11-30,307,129
15,2,3,2024-12-31,233,57
16,5,1,2024-01-31,340,50
16,2,1,2024-02-29,351,54
16,2,1,2024-03-31,192,104
16,2,1,2024-04-30,426,123
16,2,1,2024-05-31,465,66
16,1,1,2024-06-30,135,96
16,1,1,2024-07-31,75,140
16,1,1,2024-08-31,301,117
16,5,1,2024-09-30,0,68
16,1,1,2024-10-31,303,118
16,4,1,2024-11-30,89,111
16,1,1,2024-12-31,449,113
16,1,2,2024-01-31,160,90
16,1,2,2024-02-29,175,62
16,1,2,2024-03-31,244,126
16,2,2,2024-04-30,458,117
16,3,2,2024-05-31,380,53
16,2,2,2024-06-30,453,147
16,3,2,2024-07-31,396,72
16,1,2,2024-08-31,364,124
16,1,2,2024-09-30,343,103
16,1,2,2024-10-31,212,64
16,5,2,2024-11-30,75,120
16,5,2,2024-12-31,402,109
16,1,3,2024-01-31,472,82
16,4,3,2024-02-29,223,84
16,3,3,2024-03-31,101,139
16,2,3,2024-04-30,354,121
16,1,3,2024-05-31,449,95
16,2,3,2024-06-30,2,134
16,2,3,2024-07-31,327,97
16,5,3,2024-08-31,453,77
16,1,3,2024-09-30,220,75
16,2,3,2024-10-31,11,54
16,4,3,2024-11-30,303,86
16,3,3,2024-12-31,227,64
17,2,1,2024-01-31,431,136
17,5,1,2024-02-29,363,92
17,3,1,2024-03-31,20,72
17,5,1,2024-04-30,335,96
17,1,1,2024-05-31,123,64
17,3,1,2024-06-30,291,124
17,5,1,2024-07-31,270,117
17,3,1,2024-08-31,140,135
17,5,1,2024-09-30,289,127
17,3,1,2024-10-31,451,101
17,3,1,2024-11-30,156,77
17,2,1,2024-12-31,135,65
17,2,2,2024-01-31,419,79
17,5,2,2024-02-29,1,98
17,1,2,2024-03-31,131,139
17,4,2,2024-04-30,349,124
17,5,2,2024-05-31,73,88
17,1,2,2024-06-30,158,120
17,2,2,2024-07-31,425,110
17,4,2,2024-08-31,439,85
17,1,2,2024-09-30,451,56
17,2,2,2024-10-31,171,94
17,5,2,2024-11-30,46,62
17,1,2,2024-12-31,213,141
17,2,3,2024-01-31,25,58
17,1,3,2024-02-29,471,91
17,5,3,2024-03-31,153,140
17,3,3,2024-04-30,67,99
17,2,3,2024-05-31,99,109
17,3,3,2024-06-30,344,67
17,1,3,2024-07-31,163,123
17,1,3,2024-08-31,438,118
17,1,3,2024-09-30,482,147
17,1,3,2024-10-31,118,70
17,5,3,2024-11-30,149,97
17,4,3,2024-12-31,142,84
18,3,1,2024-01-31,454,81
18,5,1,2024-02-29,137,122
18,2,1,2024-03-31,440,74
18,5,1,2024-04-30,319,84
18,2,1,2024-05-31,145,116
18,1,1,2024-06-30,373,88
18,4,1,2024-07-31,240,124
18,4,1,2024-08-31,301,68
18,5,1,2024-09-30,217,91
18,5,1,2024-10-31,493,85
18,3,1,2024-11-30,352,85
18,1,1,2024-12-31,72,57
18,1,2,2024-01-31,378,119
18,5,2,2024-02-29,486,117
18,2,2,2024-03-31,48,109
18,4,2,2024-04-30,443,54
18,5,2,2024-05-31,26,81
18,2,2,2024-06-30,263,121
18,5,2,2024-07-31,66,93
18,2,2,2024-08-31,57,52
18,2,2,2024-09-30,214,93
18,3,2,2024-10-31,101,130
18,4,2,2024-11-30,353,136
18,4,2,2024-12-31,263,71
18,5,3,2024-01-31,441,85
18,1,3,2024-02-29,332,142
18,2,3,2024-03-31,310,129
18,1,3,2024-04-30,445,79
18,4,3,2024-05-31,54,65
18,4,3,2024-06-30,144,65
18,3,3,2024-07-31,135,133
18,5,3,2024-08-31,143,79
18,3,3,2024-09-30,278,141
18,4,3,2024-10-31,103,54
18,1,3,2024-11-30,359,114
18,4,3,2024-12-31,285,70
19,2,1,2024-01-31,453,71
19,1,1,2024-02-29,455,81
19,4,1,2024-03-31,271,125
19,4,1,2024-04-30,225,63
19,2,1,2024-05-31,480,72
19,1,1,2024-06-30,236,115
19,3,1,2024-07-31,340,51
19,1,1,2024-08-31,248,122
19,4,1,2024-09-30,330,116
19,2,1,2024-10-31,189,72
19,3,1,2024-11-30,195,131
19,4,1,2024-12-31,405,92
19,1,2,2024-01-31,100,61
19,2,2,2024-02-29,41,87
19,2,2,2024-03-31,428,84
19,3,2,2024-04-30,157,127
19,4,2,2024-05-31,335,56
19,5,2,2024-06-30,13,122
19,3,2,2024-07-31,162,115
19,2,2,2024-08-31,129,84
19,2,2,2024-09-30,205,69
19,1,2,2024-10-31,255,59
19,5,2,2024-11-30,449,74
19,4,2,2024-12-31,309,82
19,1,3,2024-01-31,94,63
19,5,3,2024-02-29,109,129
19,3,3,2024-03-31,435,52
19,1,3,2024-04-30,424,55
19,5,3,2024-05-31,140,147
19,1,3,2024-06-30,481,117
19,5,3,2024-07-31,78,117
19,4,3,2024-08-31,443,61
19,4,3,2024-09-30,140,80
19,4,3,2024-10-31,145,142
19,5,3,2024-11-30,446,55
19,4,3,2024-12-31,42,51
20,3,1,2024-01-31,150,132
20,2,1,2024-02-29,4,132
20,2,1,2024-03-31,265,138
20,2,1,2024-04-30,381,60
20,1,1,2024-05-31,252,80
20,1,1,2024-06-30,470,132
20,1,1,2024-07-31,98,70
20,3,1,2024-08-31,155,111
20,4,1,2024-09-30,262,129
20,4,1,2024-10-31,96,53
20,1,1,2024-11-30,102,89
20,5,1,2024-12-31,100,101
20,4,2,2024-01-31,307,85
20,5,2,2024-02-29,421,99
20,5,2,2024-03-31,115,112
20,3,2,2024-04-30,482,56
20,5,2,2024-05-31,91,135
20,2,2,2024-06-30,85,54
20,5,2,2024-07-31,61,140
20,5,2,2024-08-31,245,128
20,2,2,2024-09-30,137,136
20,5,2,2024-10-31,375,88
20,5,2,2024-11-30,64,62
20,5,2,2024-12-31,473,134
20,4,3,2024-01-31,337,94
20,1,3,2024-02-29,464,148
20,5,3,2024-03-31,187,60
20,5,3,2024-04-30,307,104
20,2,3,2024-05-31,281,117
20,3,3,2024-06-30,51,131
20,4,3,2024-07-31,232,142
20,2,3,2024-08-31,412,87
20,5,3,2024-09-30,20,91
20,1,3,2024-10-31,112,113
20,1,3,2024-11-30,119,58
20,4,3,2024-12-31,128,51
21,1,1,2024-01-31,47,78
21,4,1,2024-02-29,9,107
21,4,1,2024-03-31,231,70
21,3,1,2024-04-30,202,83
21,1,1,2024-05-31,213,121
21,4,1,2024-06-30,78,66
21,5,1,2024-07-31,342,137
21,4,1,2024-08-31,466,118
21,5,1,2024-09-30,448,136
21,1,1,2024-10-31,7,126
21,1,1,2024-11-30,86,92
21,3,1,2024-12-31,108,100
21,5,2,2024-01-31,151,66
21,2,2,2024-02-29,147,70
21,3,2,2024-03-31,414,149
21,3,2,2024-04-30,435,64
21,3,2,2024-05-31,390,77
21,5,2,2024-06-30,490,107
21,2,2,2024-07-31,260,143
21,4,2,2024-08-31,37,145
21,1,2,2024-09-30,336,144
21,2,2,2024-10-31,328,115
21,4,2,2024-11-30,450,98
21,1,2,2024-12-31,381,117
21,2,3,2024-01-31,168,138
21,2,3,2024-02-29,118,111
21,4,3,2024-03-31,265,70
21,2,3,2024-04-30,139,140
21,5,3,2024-05-31,373,62
21,4,3,2024-06-30,159,144
21,2,3,2024-07-31,225,60
21,2,3,2024-08-31,270,66
21,1,3,2024-09-30,182,122
21,4,3,2024-10-31,487,108
21,4,3,2024-11-30,472,71
21,5,3,2024-12-31,413,133
22,3,1,2024-01-31,171,81
22,3,1,2024-02-29,173,70
22,1,1,2024-03-31,121,81
22,2,1,2024-04-30,267,96
22,5,1,2024-05-31,148,62
22,4,1,2024-06-30,125,57
22,3,1,2024-07-31,223,124
22,4,1,2024-08-31,344,71
22,2,1,2024-09-30,284,62
22,5,1,2024-10-31,257,78
22,3,1,2024-11-30,462,101
22,3,1,2024-12-31,49,144
22,4,2,2024-01-31,406,137
22,3,2,2024-02-29,460,71
22,1,2,2024-03-31,420,110
22,3,2,2024-04-30,183,52
22,4,2,2024-05-31,22,78
22,5,2,2024-06-30,366,74
22,2,2,2024-07-31,110,57
22,1,2,2024-08-31,185,65
22,3,2,2024-09-30,363,54
22,3,2,2024-10-31,448,53
22,2,2,2024-11-30,223,113
22,2,2,2024-12-31,353,138
22,3,3,2024-01-31,404,95
22,1,3,2024-02-29,410,115
22,1,3,2024-03-31,111,62
22,2,3,2024-04-30,499,85
22,4,3,2024-05-31,89,107
22,1,3,2024-06-30,208,127
22,1,3,2024-07-31,417,102
22,3,3,2024-08-31,19,124
22,3,3,2024-09-30,222,119
22,4,3,2024-10-31,100,107
22,4,3,2024-11-30,110,53
22,3,3,2024-12-31,393,73
23,5,1,2024-01-31,153,86
23,2,1,2024-02-29,309,70
23,4,1,2024-03-31,37,95
23,5,1,2024-04-30,187,106
23,4,1,2024-05-31,19,66
23,3,1,2024-06-30,220,63
23,2,1,2024-07-31,215,129
23,2,1,2024-08-31,54,53
23,3,1,2024-09-30,157,131
23,4,1,2024-10-31,158,109
23,3,1,2024-11-30,402,98
23,5,1,2024-12-31,405,73
23,2,2,2024-01-31,75,79
23,4,2,2024-02-29,485,80
23,5,2,2024-03-31,191,68
23,1,2,2024-04-30,227,143
23,2,2,2024-05-31,182,146
23,3,2,2024-06-30,318,141
23,1,2,2024-07-31,302,124
23,1,2,2024-08-31,117,94
23,4,2,2024-09-30,400,119
23,3,2,2024-10-31,147,96
23,4,2,2024-11-30,398,119
23,2,2,2024-12-31,74,58
23,1,3,2024-01-31,399,118
23,2,3,2024-02-29,499,110
23,5,3,2024-03-31,49,52
23,5,3,2024-04-30,106,143
23,3,3,2024-05-31,197,130
23,5,3,2024-06-30,364,100
23,3,3,2024-07-31,402,91
23,3,3,2024-08-31,301,75
23,5,3,2024-09-30,68,142
23,5,3,2024-10-31,467,98
23,5,3,2024-11-30,73,113
23,2,3,2024-12-31,355,119
24,2,1,2024-01-31,259,88
24,1,1,2024-02-29,418,50
24,1,1,2024-03-31,99,119
24,4,1,2024-04-30,181,95
24,1,1,2024-05-31,363,109
24,1,1,2024-06-30,30,133
24,4,1,2024-07-31,35,134
24,4,1,2024-08-31,105,79
24,4,1,2024-09-30,390,84
24,2,1,2024-10-31,269,59
24,4,1,2024-11-30,216,126
24,4,1,2024-12-31,328,94
24,2,2,2024-01-31,183,133
24,5,2,2024-02-29,249,106
24,1,2,2024-03-31,195,99
24,2,2,2024-04-30,474,56
24,4,2,2024-05-31,159,124
24,5,2,2024-06-30,471,64
24,4,2,2024-07-31,425,75
24,1,2,2024-08-31,375,63
24,5,2,2024-09-30,164,107
24,3,2,2024-10-31,81,118
24,5,2,2024-11-30,86,139
24,3,2,2024-12-31,471,98
24,5,3,2024-01-31,370,138
24,1,3,2024-02-29,383,61
24,1,3,2024-03-31,444,90
24,2,3,2024-04-30,177,117
24,1,3,2024-05-31,326,135
24,5,3,2024-06-30,80,73
24,4,3,2024-07-31,60,147
24,1,3,2024-08-31,441,92
24,1,3,2024-09-30,422,135
24,2,3,2024-10-31,16,147
24,5,3,2024-11-30,64,123
24,1,3,2024-12-31,4,51
25,2,1,2024-01-31,65,123
25,5,1,2024-02-29,143,100
25,4,1,2024-03-31,166,135
25,4,1,2024-04-30,343,89
25,3,1,2024-05-31,58,59
25,1,1,2024-06-30,191,112
25,5,1,2024-07-31,447,81
25,4,1,2024-08-31,19,75
25,5,1,2024-09-30,365,135
25,4,1,2024-10-31,78,135
25,3,1,2024-11-30,91,63
25,2,1,2024-12-31,380,89
25,1,2,2024-01-31,283,75
25,1,2,2024-02-29,446,115
25,4,2,2024-03-31,247,52
25,4,2,2024-04-30,96,91
25,4,2,2024-05-31,226,55
25,3,2,2024-06-30,278,138
25,3,2,2024-07-31,177,92
25,3,2,2024-08-31,196,100
25,4,2,2024-09-30,267,123
25,4,2,2024-10-31,475,90
25,1,2,2024-11-30,484,134
25,2,2,2024-12-31,46,64
25,4,3,2024-01-31,41,109
25,2,3,2024-02-29,453,61
25,3,3,2024-03-31,262,129
25,3,3,2024-04-30,364,52
25,1,3,2024-05-31,113,89
25,5,3,2024-06-30,219,50
25,3,3,2024-07-31,415,97
25,3,3,2024-08-31,100,53
25,4,3,2024-09-30,31,58
25,1,3,2024-10-31,394,95
25,5,3,2024-11-30,62,70
25,4,3,2024-12-31,161,53
26,3,1,2024-01-31,101,144
26,5,1,2024-02-29,246,76
26,1,1,2024-03-31,24,52
26,4,1,2024-04-30,195,74
26,5,1,2024-05-31,417,75
26,4,1,2024-06-30,226,110
26,4,1,2024-07-31,476,58
26,3,1,2024-08-31,485,99
26,1,1,2024-09-30,59,93
26,4,1,2024-10-31,394,115
26,5,1,2024-11-30,363,122
26,3,1,2024-12-31,215,147
26,2,2,2024-01-31,75,141
26,4,2,2024-02-29,495,70
26,1,2,2024-03-31,247,139
26,4,2,2024-04-30,468,84
26,3,2,2024-05-31,33,90
26,2,2,2024-06-30,430,131
26,1,2,2024-07-31,74,106
26,3,2,2024-08-31,324,60
26,4,2,2024-09-30,418,82
26,2,2,2024-10-31,380,65
26,4,2,2024-11-30,65,148
26,1,2,2024-12-31,46,88
26,3,3,2024-01-31,147,50
26,1,3,2024-02-29,3,107
26,5,3,2024-03-31,302,87
26,5,3,2024-04-30,226,106
26,4,3,2024-05-31,436,95
26,4,3,2024-06-30,141,149
26,1,3,2024-07-31,400,88
26,2,3,2024-08-31,354,126
26,3,3,2024-09-30,114,146
26,3,3,2024-10-31,218,72
26,4,3,2024-11-30,90,147
26,3,3,2024-12-31,327,111
27,3,1,2024-01-31,146,79
27,2,1,2024-02-29,83,74
27,1,1,2024-03-31,101,136
27,3,1,2024-04-30,82,100
27,1,1,2024-05-31,425,68
27,5,1,2024-06-30,283,133
27,1,1,2024-07-31,326,127
27,4,1,2024-08-31,250,68
27,5,1,2024-09-30,397,87
27,1,1,2024-10-31,316,85
27,1,1,2024-11-30,285,58
27,1,1,2024-12-31,375,101
27,5,2,2024-01-31,141,124
27,1,2,2024-02-29,226,108
27,4,2,2024-03-31,195,117
27,1,2,2024-04-30,263,51
27,1,2,2024-05-31,124,135
27,5,2,2024-06-30,119,104
27,4,2,2024-07-31,61,97
27,2,2,2024-08-31,34,60
27,5,2,2024-09-30,468,70
27,5,2,2024-10-31,303,69
27,1,2,2024-11-30,450,93
27,1,2,2024-12-31,200,110
27,1,3,2024-01-31,323,84
27,1,3,2024-02-29,481,137
27,4,3,2024-03-31,7,94
27,1,3,2024-04-30,437,125
27,4,3,2024-05-31,146,75
27,5,3,2024-06-30,92,71
27,4,3,2024-07-31,306,87
27,4,3,2024-08-31,156,100
27,4,3,2024-09-30,310,120
27,4,3,2024-10-31,27,53
27,4,3,2024-11-30,428,116
27,2,3,2024-12-31,193,137
28,1,1,2024-01-31,346,104
28,1,1,2024-02-29,256,121
28,5,1,2024-03-31,209,66
28,2,1,2024-04-30,267,55
28,3,1,2024-05-31,282,57
28,1,1,2024-06-30,379,114
28,3,1,2024-07-31,92,148
28,1,1,2024-08-31,431,133
28,1,1,2024-09-30,140,110
28,3,1,2024-10-31,301,111
28,2,1,2024-11-30,403,146
28,5,1,2024-12-31,294,134
28,2,2,2024-01-31,432,113
28,1,2,2024-02-29,362,103
28,5,2,2024-03-31,264,137
28,1,2,2024-04-30,304,90
28,3,2,2024-05-31,343,70
28,1,2,2024-06-30,58,88
28,3,2,2024-07-31,38,62
28,3,2,2024-08-31,493,68
28,5,2,2024-09-30,332,95
28,4,2,2024-10-31,0,89
28,5,2,2024-11-30,18,125
28,5,2,2024-12-31,108,61
28,5,3,2024-01-31,239,82
28,2,3,2024-02-29,89,141
28,1,3,2024-03-31,452,57
28,5,3,2024-04-30,346,95
28,1,3,2024-05-31,430,136
28,2,3,2024-06-30,174,133
28,4,3,2024-07-31,145,115
28,4,3,2024-08-31,477,82
28,4,3,2024-09-30,81,68
28,1,3,2024-10-31,423,133
28,2,3,2024-11-30,224,125
28,1,3,2024-12-31,242,64
29,5,1,2024-01-31,422,51
29,2,1,2024-02-29,104,123
29,5,1,2024-03-31,306,124
29,2,1,2024-04-30,265,63
29,1,1,2024-05-31,50,122
29,3,1,2024-06-30,38,77
29,3,1,2024-07-31,83,119
29,5,1,2024-08-31,116,51
29,2,1,2024-09-30,165,52
29,4,1,2024-10-31,80,90
29,5,1,2024-11-30,418,114
29,5,1,2024-12-31,462,139
29,1,2,2024-01-31,212,111
29,1,2,2024-02-29,126,144
29,1,2,2024-03-31,278,73
29,5,2,2024-04-30,293,77
29,4,2,2024-05-31,437,67
29,1,2,2024-06-30,98,94
29,4,2,2024-07-31,436,79
29,3,2,2024-08-31,363,147
29,4,2,2024-09-30,194,77
29,3,2,2024-10-31,334,90
29,2,2,2024-11-30,47,81
29,4,2,2024-12-31,312,149
29,2,3,2024-01-31,416,73
29,5,3,2024-02-29,439,77
29,5,3,2024-03-31,6,117
29,1,3,2024-04-30,55,114
29,3,3,2024-05-31,46,69
29,4,3,2024-06-30,156,123
29,3,3,2024-07-31,401,141
29,3,3,2024-08-31,426,144
29,1,3,2024-09-30,125,60
29,5,3,2024-10-31,368,87
29,4,3,2024-11-30,391,83
29,1,3,2024-12-31,439,125
30,1,1,2024-01-31,30,53
30,5,1,2024-02-29,364,99
30,3,1,2024-03-31,413,137
30,5,1,2024-04-30,66,124
30,3,1,2024-05-31,259,75
30,3,1,2024-06-30,429,113
30,2,1,2024-07-31,233,100
30,5,1,2024-08-31,261,108
30,2,1,2024-09-30,398,79
30,2,1,2024-10-31,484,86
30,4,1,2024-11-30,123,84
30,1,1,2024-12-31,273,122
30,3,2,2024-01-31,284,126
30,5,2,2024-02-29,430,66
30,4,2,2024-03-31,223,71
30,1,2,2024-04-30,68,86
30,2,2,2024-05-31,304,62
30,5,2,2024-06-30,364,135
30,3,2,2024-07-31,378,136
30,2,2,2024-08-31,386,91
30,2,2,2024-09-30,415,100
30,4,2,2024-10-31,496,134
30,3,2,2024-11-30,20,93
30,3,2,2024-12-31,358,117
30,5,3,2024-01-31,384,141
30,2,3,2024-02-29,482,62
30,3,3,2024-03-31,138,149
30,4,3,2024-04-30,272,148
30,1,3,2024-05-31,337,135
30,5,3,2024-06-30,151,68
30,4,3,2024-07-31,486,134
30,5,3,2024-08-31,4,66
30,3,3,2024-09-30,163,68
30,3,3,2024-10-31,116,147
30,4,3,2024-11-30,309,94
30,3,3,2024-12-31,245,70
31,5,1,2024-01-31,486,141
31,4,1,2024-02-29,464,105
31,2,1,2024-03-31,424,95
31,1,1,2024-04-30,11,119
31,2,1,2024-05-31,370,68
31,2,1,2024-06-30,303,101
31,1,1,2024-07-31,227,124
31,3,1,2024-08-31,445,137
31,1,1,2024-09-30,202,113
31,3,1,2024-10-31,498,130
31,3,1,2024-11-30,436,127
31,3,1,2024-12-31,81,141
31,5,2,2024-01-31,174,53
31,1,2,2024-02-29,162,97
31,1,2,2024-03-31,327,94
31,3,2,2024-04-30,336,146
31,3,2,2024-05-31,62,87
31,5,2,2024-06-30,442,118
31,2,2,2024-07-31,430,110
31,5,2,2024-08-31,479,71
31,3,2,2024-09-30,213,92
31,2,2,2024-10-31,53,59
31,4,2,2024-11-30,319,70
31,3,2,2024-12-31,193,90
31,1,3,2024-01-31,183,79
31,3,3,2024-02-29,221,96
31,2,3,2024-03-31,18,57
31,3,3,2024-04-30,112,120
31,1,3,2024-05-31,64,85
31,5,3,2024-06-30,36,50
31,5,3,2024-07-31,140,57
31,1,3,2024-08-31,187,122
31,2,3,2024-09-30,163,84
31,1,3,2024-10-31,190,72
31,4,3,2024-11-30,289,95
31,3,3,2024-12-31,413,144
32,3,1,2024-01-31,354,121
32,5,1,2024-02-29,397,109
32,2,1,2024-03-31,172,145
32,3,1,2024-04-30,44,110
32,2,1,2024-05-31,122,65
32,2,1,2024-06-30,423,66
32,4,1,2024-07-31,233,65
32,2,1,2024-08-31,321,115
32,4,1,2024-09-30,12,105
32,3,1,2024-10-31,289,88
32,3,1,2024-11-30,391,136
32,5,1,2024-12-31,117,142
32,1,2,2024-01-31,294,114
32,5,2,2024-02-29,232,79
32,3,2,2024-03-31,268,70
32,1,2,2024-04-30,52,68
32,1,2,2024-05-31,280,135
32,2,2,2024-06-30,182,72
32,4,2,2024-07-31,9,149
32,2,2,2024-08-31,147,81
32,4,2,2024-09-30,13,99
32,4,2,2024-10-31,365,102
32,2,2,2024-11-30,204,108
32,2,2,2024-12-31,11,80
32,3,3,2024-01-31,337,147
32,1,3,2024-02-29,360,125
32,1,3,2024-03-31,78,106
32,2,3,2024-04-30,348,75
32,1,3,2024-05-31,95,135
32,2,3,2024-06-30,342,137
32,5,3,2024-07-31,263,90
32,5,3,2024-08-31,427,113
32,1,3,2024-09-30,155,60
32,1,3,2024-10-31,64,68
32,4,3,2024-11-30,410,83
32,2,3,2024-12-31,451,149
33,5,1,2024-01-31,398,100
33,4,1,2024-02-29,82,98
33,1,1,2024-03-31,178,86
33,2,1,2024-04-30,185,136
33,4,1,2024-05-31,412,82
33,2,1,2024-06-30,474,138
33,5,1,2024-07-31,174,72
33,5,1,2024-08-31,404,62
33,4,1,2024-09-30,416,73
33,4,1,2024-10-31,10,66
33,1,1,2024-11-30,430,74
33,3,1,2024-12-31,20,133
33,5,2,2024-01-31,210,61
33,5,2,2024-02-29,297,66
33,1,2,2024-03-31,303,77
33,2,2,2024-04-30,354,96
33,3,2,2024-05-31,255,127
33,1,2,2024-06-30,235,120
33,5,2,2024-07-31,12,131
33,2,2,2024-08-31,396,149
33,1,2,2024-09-30,15,58
33,1,2,2024-10-31,165,124
33,5,2,2024-11-30,99,136
33,1,2,2024-12-31,236,83
33,4,3,2024-01-31,215,57
33,4,3,2024-02-29,273,52
33,5,3,2024-03-31,325,93
33,1,3,2024-04-30,27,103
33,4,3,2024-05-31,355,70
33,5,3,2024-06-30,234,148
33,2,3,2024-07-31,312,98
33,5,3,2024-08-31,52,93
33,5,3,2024-09-30,73,95
33,2,3,2024-10-31,164,73
33,4,3,2024-11-30,469,130
33,3,3,2024-12-31,397,59
34,1,1,2024-01-31,408,52
34,4,1,2024-02-29,267,103
34,3,1,2024-03-31,23,78
34,2,1,2024-04-30,408,149
34,1,1,2024-05-31,187,139
34,1,1,2024-06-30,339,77
34,2,1,2024-07-31,103,141
34,5,1,2024-08-31,459,76
34,1,1,2024-09-30,169,108
34,5,1,2024-10-31,161,86
34,2,1,2024-11-30,152,82
34,4,1,2024-12-31,6,106
34,3,2,2024-01-31,15,129
34,5,2,2024-02-29,372,149
34,3,2,2024-03-31,134,149
34,3,2,2024-04-30,456,81
34,1,2,2024-05-31,263,146
34,3,2,2024-06-30,455,94
34,5,2,2024-07-31,131,116
34,2,2,2024-08-31,488,78
34,5,2,2024-09-30,225,77
34,4,2,2024-10-31,78,136
34,2,2,2024-11-30,217,53
34,5,2,2024-12-31,103,58
34,4,3,2024-01-31,311,145
34,4,3,2024-02-29,433,124
34,3,3,2024-03-31,277,66
34,2,3,2024-04-30,89,120
34,1,3,2024-05-31,440,75
34,3,3,2024-06-30,393,94
34,5,3,2024-07-31,266,126
34,4,3,2024-08-31,455,117
34,1,3,2024-09-30,458,114
34,4,3,2024-10-31,174,101
34,1,3,2024-11-30,56,96
34,1,3,2024-12-31,173,75
35,4,1,2024-01-31,369,54
35,1,1,2024-02-29,307,124
35,3,1,2024-03-31,433,87
35,5,1,2024-04-30,225,64
35,5,1,2024-05-31,121,70
35,2,1,2024-06-30,389,87
35,5,1,2024-07-31,77,123
35,3,1,2024-08-31,222,143
35,5,1,2024-09-30,477,55
35,5,1,2024-10-31,7,93
35,1,1,2024-11-30,234,82
35,5,1,2024-12-31,239,124
35,4,2,2024-01-31,49,60
35,1,2,2024-02-29,491,119
35,3,2,2024-03-31,271,117
35,3,2,2024-04-30,251,97
35,1,2,2024-05-31,89,111
35,5,2,2024-06-30,331,60
35,3,2,2024-07-31,88,67
35,2,2,2024-08-31,470,104
35,4,2,2024-09-30,153,55
35,3,2,2024-10-31,107,78
35,1,2,2024-11-30,124,147
35,5,2,2024-12-31,106,92
35,2,3,2024-01-31,335,115
35,5,3,2024-02-29,246,57
35,4,3,2024-03-31,361,57
35,1,3,2024-04-30,494,143
35,1,3,2024-05-31,426,88
35,2,3,2024-06-30,186,133
35,4,3,2024-07-31,341,142
35,2,3,2024-08-31,136,86
35,4,3,2024-09-30,35,141
35,5,3,2024-10-31,425,92
35,4,3,2024-11-30,215,91
35,3,3,2024-12-31,359,115
36,1,1,2024-01-31,277,76
36,4,1,2024-02-29,348,116
36,2,1,2024-03-31,140,94
36,3,1,2024-04-30,227,58
36,1,1,2024-05-31,33,50
36,1,1,2024-06-30,92,120
36,4,1,2024-07-31,322,133
36,3,1,2024-08-31,116,143
36,2,1,2024-09-30,98,140
36,2,1,2024-10-31,205,66
36,4,1,2024-11-30,172,142
36,2,1,2024-12-31,180,140
36,2,2,2024-01-31,323,114
36,2,2,2024-02-29,256,107
36,4,2,2024-03-31,364,69
36,3,2,2024-04-30,342,59
36,1,2,2024-05-31,202,90
36,1,2,2024-06-30,388,114
36,5,2,2024-07-31,277,147
36,4,2,2024-08-31,424,142
36,3,2,2024-09-30,196,60
36,4,2,2024-10-31,148,148
36,5,2,2024-11-30,281,68
36,2,2,2024-12-31,187,120
36,5,3,2024-01-31,39,54
36,2,3,2024-02-29,461,53
36,2,3,2024-03-31,83,64
36,1,3,2024-04-30,115,142
36,4,3,2024-05-31,367,68
36,4,3,2024-06-30,493,140
36,3,3,2024-07-31,377,64
36,3,3,2024-08-31,420,50
36,3,3,2024-09-30,366,73
36,5,3,2024-10-31,39,112
36,5,3,2024-11-30,163,147
36,2,3,2024-12-31,23,73
37,2,1,2024-01-31,3,116
37,5,1,2024-02-29,440,98
37,5,1,2024-03-31,247,72
37,5,1,2024-04-30,68,144
37,1,1,2024-05-31,317,90
37,5,1,2024-06-30,248,109
37,5,1,2024-07-31,312,59
37,3,1,2024-08-31,316,133
37,4,1,2024-09-30,383,100
37,3,1,2024-10-31,475,125
37,5,1,2024-11-30,419,90
37,2,1,2024-12-31,396,136
37,5,2,2024-01-31,305,79
37,3,2,2024-02-29,24,76
37,3,2,2024-03-31,205,106
37,5,2,2024-04-30,46,149
37,1,2,2024-05-31,309,70
37,2,2,2024-06-30,271,108
37,3,2,2024-07-31,201,81
37,1,2,2024-08-31,161,58
37,2,2,2024-09-30,138,145
37,4,2,2024-10-31,213,66
37,1,2,2024-11-30,47,101
37,5,2,2024-12-31,122,70
37,1,3,2024-01-31,101,114
37,1,3,2024-02-29,50,85
37,2,3,2024-03-31,488,137
37,3,3,2024-04-30,103,64
37,2,3,2024-05-31,197,50
37,1,3,2024-06-30,166,106
37,5,3,2024-07-31,417,90
37,4,3,2024-08-31,72,62
37,1,3,2024-09-30,307,52
37,4,3,2024-10-31,62,98
37,5,3,2024-11-30,367,96
37,1,3,2024-12-31,182,113
38,2,1,2024-01-31,336,116
38,4,1,2024-02-29,270,149
38,3,1,2024-03-31,401,132
38,2,1,2024-04-30,371,84
38,2,1,2024-05-31,288,63
38,3,1,2024-06-30,188,53
38,1,1,2024-07-31,412,132
38,3,1,2024-08-31,480,98
38,3,1,2024-09-30,192,118
38,5,1,2024-10-31,335,55
38,3,1,2024-11-30,239,113
38,3,1,2024-12-31,146,125
38,1,2,2024-01-31,42,123
38,4,2,2024-02-29,147,144
38,2,2,2024-03-31,427,72
38,3,2,2024-04-30,375,71
38,3,2,2024-05-31,312,121
38,3,2,2024-06-30,113,65
38,4,2,2024-07-31,178,131
38,4,2,2024-08-31,463,121
38,5,2,2024-09-30,480,61
38,3,2,2024-10-31,330,54
38,1,2,2024-11-30,139,66
38,4,2,2024-12-31,4,106
38,3,3,2024-01-31,333,118
38,2,3,2024-02-29,32,111
38,5,3,2024-03-31,367,68
38,4,3,2024-04-30,378,115
38,4,3,2024-05-31,288,62
38,3,3,2024-06-30,181,56
38,5,3,2024-07-31,127,103
38,5,3,2024-08-31,247,69
38,2,3,2024-09-30,279,131
38,2,3,2024-10-31,360,106
38,2,3,2024-11-30,61,78
38,2,3,2024-12-31,16,115
39,1,1,2024-01-31,324,77
39,2,1,2024-02-29,452,131
39,1,1,2024-03-31,467,90
39,4,1,2024-04-30,218,98
39,2,1,2024-05-31,70,52
39,3,1,2024-06-30,97,138
39,4,1,2024-07-31,207,51
39,2,1,2024-08-31,279,123
39,3,1,2024-09-30,426,104
39,3,1,2024-10-31,156,69
39,4,1,2024-11-30,40,103
39,4,1,2024-12-31,107,68
39,5,2,2024-01-31,482,115
39,3,2,2024-02-29,289,71
39,3,2,2024-03-31,133,128
39,1,2,2024-04-30,265,122
39,1,2,2024-05-31,351,97
39,3,2,2024-06-30,442,149
39,4,2,2024-07-31,257,78
39,2,2,2024-08-31,64,132
39,5,2,2024-09-30,472,59
39,3,2,2024-10-31,78,108
39,3,2,2024-11-30,47,70
39,4,2,2024-12-31,247,71
39,1,3,2024-01-31,97,79
39,1,3,2024-02-29,492,77
39,4,3,2024-03-31,368,94
39,1,3,2024-04-30,6,98
39,1,3,2024-05-31,163,132
39,1,3,2024-06-30,137,85
39,2,3,2024-07-31,236,95
39,1,3,2024-08-31,415,81
39,2,3,2024-09-30,329,76
39,1,3,2024-10-31,418,134
39,4,3,2024-11-30,411,64
39,3,3,2024-12-31,92,122
40,4,1,2024-01-31,409,68
40,1,1,2024-02-29,272,92
40,2,1,2024-03-31,40,91
40,1,1,2024-04-30,211,89
40,4,1,2024-05-31,244,72
40,1,1,2024-06-30,46,112
40,3,1,2024-07-31,365,118
40,3,1,2024-08-31,431,83
40,3,1,2024-09-30,60,99
40,1,1,2024-10-31,317,107
40,2,1,2024-11-30,330,65
40,2,1,2024-12-31,93,97
40,3,2,2024-01-31,337,87
40,5,2,2024-02-29,163,108
40,2,2,2024-03-31,173,52
40,3,2,2024-04-30,357,114
40,3,2,2024-05-31,237,57
40,1,2,2024-06-30,493,130
40,1,2,2024-07-31,389,138
40,1,2,2024-08-31,443,77
40,1,2,2024-09-30,181,86
40,3,2,2024-10-31,337,105
40,5,2,2024-11-30,340,51
40,2,2,2024-12-31,57,109
40,2,3,2024-01-31,167,85
40,4,3,2024-02-29,251,86
40,3,3,2024-03-31,17,147
40,5,3,2024-04-30,185,106
40,5,3,2024-05-31,259,135
40,4,3,2024-06-30,362,103
40,1,3,2024-07-31,475,128
40,2,3,2024-08-31,310,52
40,5,3,2024-09-30,120,50
40,5,3,2024-10-31,495,78
40,4,3,2024-11-30,496,123
40,3,3,2024-12-31,20,120
41,4,1,2024-01-31,108,96
41,4,1,2024-02-29,82,84
41,4,1,2024-03-31,68,50
41,3,1,2024-04-30,139,109
41,1,1,2024-05-31,311,72
41,2,1,2024-06-30,276,110
41,1,1,2024-07-31,51,137
41,5,1,2024-08-31,236,104
41,2,1,2024-09-30,35,98
41,1,1,2024-10-31,313,88
41,5,1,2024-11-30,368,134
41,3,1,2024-12-31,136,55
41,1,2,2024-01-31,108,84
41,2,2,2024-02-29,117,54
41,4,2,2024-03-31,86,130
41,3,2,2024-04-30,470,129
41,1,2,2024-05-31,413,106
41,5,2,2024-06-30,284,86
41,4,2,2024-07-31,159,95
41,5,2,2024-08-31,494,72
41,2,2,2024-09-30,400,134
41,4,2,2024-10-31,484,55
41,1,2,2024-11-30,17,143
41,3,2,2024-12-31,413,130
41,3,3,2024-01-31,415,91
41,4,3,2024-02-29,461,59
41,2,3,2024-03-31,114,85
41,3,3,2024-04-30,200,77
41,3,3,2024-05-31,205,88
41,4,3,2024-06-30,117,64
41,3,3,2024-07-31,151,121
41,1,3,2024-08-31,136,96
41,3,3,2024-09-30,445,146
41,2,3,2024-10-31,194,123
41,2,3,2024-11-30,448,78
41,1,3,2024-12-31,353,62
42,5,1,2024-01-31,417,142
42,5,1,2024-02-29,47,98
42,5,1,2024-03-31,319,110
42,2,1,2024-04-30,294,137
42,5,1,2024-05-31,16,120
42,1,1,2024-06-30,324,75
42,2,1,2024-07-31,450,56
42,1,1,2024-08-31,304,102
42,1,1,2024-09-30,240,111
42,3,1,2024-10-31,170,74
42,5,1,2024-11-30,252,52
42,2,1,2024-12-31,116,81
42,1,2,2024-01-31,379,65
42,1,2,2024-02-29,309,77
42,1,2,2024-03-31,119,105
42,1,2,2024-04-30,92,135
42,1,2,2024-05-31,498,100
42,5,2,2024-06-30,198,127
42,2,2,2024-07-31,338,68
42,3,2,2024-08-31,424,94
42,1,2,2024-09-30,138,102
42,3,2,2024-10-31,231,67
42,2,2,2024-11-30,383,97
42,4,2,2024-12-31,223,57
42,4,3,2024-01-31,238,106
42,4,3,2024-02-29,334,141
42,5,3,2024-03-31,312,98
42,5,3,2024-04-30,81,115
42,4,3,2024-05-31,44,128
42,3,3,2024-06-30,447,142
42,3,3,2024-07-31,233,142
42,3,3,2024-08-31,338,52
42,4,3,2024-09-30,438,111
42,2,3,2024-10-31,59,124
42,3,3,2024-11-30,478,145
42,1,3,2024-12-31,413,51
43,4,1,2024-01-31,392,141
43,1,1,2024-02-29,481,110
43,1,1,2024-03-31,419,57
43,5,1,2024-04-30,249,107
43,2,1,2024-05-31,367,94
43,3,1,2024-06-30,499,130
43,4,1,2024-07-31,484,132
43,4,1,2024-08-31,28,108
43,5,1,2024-09-30,264,141
43,3,1,2024-10-31,441,66
43,2,1,2024-11-30,276,113
43,2,1,2024-12-31,291,135
43,5,2,2024-01-31,331,91
43,3,2,2024-02-29,268,60
43,5,2,2024-03-31,312,89
43,4,2,2024-04-30,442,51
43,3,2,2024-05-31,137,93
43,1,2,2024-06-30,206,129
43,2,2,2024-07-31,217,51
43,2,2,2024-08-31,395,139
43,1,2,2024-09-30,317,145
43,1,2,2024-10-31,383,111
43,3,2,2024-11-30,238,116
43,1,2,2024-12-31,221,110
43,4,3,2024-01-31,477,94
43,3,3,2024-02-29,404,62
43,2,3,2024-03-31,355,56
43,4,3,2024-04-30,486,102
43,4,3,2024-05-31,479,72
43,4,3,2024-06-30,356,133
43,1,3,2024-07-31,160,77
43,5,3,2024-08-31,164,112
43,3,3,2024-09-30,404,145
43,4,3,2024-10-31,78,54
43,2,3,2024-11-30,119,95
43,1,3,2024-12-31,175,55
44,5,1,2024-01-31,55,108
44,2,1,2024-02-29,454,126
44,3,1,2024-03-31,257,57
44,5,1,2024-04-30,480,103
44,3,1,2024-05-31,255,87
44,3,1,2024-06-30,275,61
44,3,1,2024-07-31,444,80
44,2,1,2024-08-31,479,110
44,3,1,2024-09-30,450,140
44,5,1,2024-10-31,350,64
44,4,1,2024-11-30,268,84
44,5,1,2024-12-31,458,108
44,3,2,2024-01-31,498,103
44,5,2,2024-02-29,413,97
44,2,2,2024-03-31,290,135
44,4,2,2024-04-30,432,145
44,3,2,2024-05-31,415,104
44,3,2,2024-06-30,441,148
44,5,2,2024-07-31,207,118
44,3,2,2024-08-31,124,59
44,5,2,2024-09-30,24,117
44,3,2,2024-10-31,28,68
44,5,2,2024-11-30,449,123
44,4,2,2024-12-31,426,74
44,3,3,2024-01-31,47,132
44,4,3,2024-02-29,109,147
44,3,3,2024-03-31,196,112
44,5,3,2024-04-30,388,100
44,4,3,2024-05-31,267,99
44,4,3,2024-06-30,245,91
44,3,3,2024-07-31,165,74
44,5,3,2024-08-31,287,60
44,2,3,2024-09-30,401,76
44,3,3,2024-10-31,375,136
44,5,3,2024-11-30,276,93
44,3,3,2024-12-31,342,90
45,2,1,2024-01-31,344,103
45,1,1,2024-02-29,405,132
45,4,1,2024-03-31,63,120
45,4,1,2024-04-30,192,64
45,2,1,2024-05-31,405,135
45,5,1,2024-06-30,430,130
45,2,1,2024-07-31,429,63
45,1,1,2024-08-31,403,99
45,3,1,2024-09-30,374,108
45,4,1,2024-10-31,206,61
45,3,1,2024-11-30,221,87
45,2,1,2024-12-31,155,105
45,5,2,2024-01-31,93,62
45,1,2,2024-02-29,321,86
45,4,2,2024-03-31,229,115
45,3,2,2024-04-30,437,75
45,3,2,2024-05-31,455,89
45,5,2,2024-06-30,149,69
45,1,2,2024-07-31,295,139
45,4,2,2024-08-31,127,133
45,3,2,2024-09-30,438,65
45,5,2,2024-10-31,6,129
45,3,2,2024-11-30,442,105
45,1,2,2024-12-31,180,136
45,4,3,2024-01-31,418,100
45,1,3,2024-02-29,292,130
45,5,3,2024-03-31,263,128
45,4,3,2024-04-30,221,69
45,4,3,2024-05-31,230,102
45,2,3,2024-06-30,432,66
45,3,3,2024-07-31,349,78
45,2,3,2024-08-31,493,60
45,4,3,2024-09-30,433,120
45,3,3,2024-10-31,57,83
45,2,3,2024-11-30,275,99
45,5,3,2024-12-31,415,101
46,5,1,2024-01-31,83,52
46,4,1,2024-02-29,125,89
46,3,1,2024-03-31,55,72
46,5,1,2024-04-30,109,113
46,4,1,2024-05-31,349,105
46,4,1,2024-06-30,137,88
46,5,1,2024-07-31,48,85
46,4,1,2024-08-31,12,145
46,4,1,2024-09-30,100,75
46,2,1,2024-10-31,222,131
46,4,1,2024-11-30,30,60
46,5,1,2024-12-31,301,145
46,3,2,2024-01-31,191,59
46,1,2,2024-02-29,427,109
46,2,2,2024-03-31,64,144
46,2,2,2024-04-30,312,104
46,2,2,2024-05-31,180,105
46,5,2,2024-06-30,264,71
46,2,2,2024-07-31,88,97
46,1,2,2024-08-31,370,125
46,5,2,2024-09-30,398,64
46,1,2,2024-10-31,336,81
46,2,2,2024-11-30,39,69
46,2,2,2024-12-31,218,134
46,1,3,2024-01-31,332,129
46,4,3,2024-02-29,446,125
46,4,3,2024-03-31,37,132
46,2,3,2024-04-30,326,148
46,4,3,2024-05-31,399,104
46,5,3,2024-06-30,186,138
46,1,3,2024-07-31,364,130
46,3,3,2024-08-31,228,55
46,2,3,2024-09-30,76,109
46,4,3,2024-10-31,269,144
46,1,3,2024-11-30,38,121
46,3,3,2024-12-31,332,81
47,4,1,2024-01-31,485,112
47,3,1,2024-02-29,52,143
47,5,1,2024-03-31,411,52
47,5,1,2024-04-30,245,147
47,1,1,2024-05-31,421,121
47,3,1,2024-06-30,5,127
47,3,1,2024-07-31,393,52
47,3,1,2024-08-31,75,98
47,5,1,2024-09-30,286,142
47,1,1,2024-10-31,189,101
47,5,1,2024-11-30,126,90
47,4,1,2024-12-31,249,133
47,2,2,2024-01-31,12,94
47,4,2,2024-02-29,113,98
47,1,2,2024-03-31,499,126
47,1,2,2024-04-30,437,85
47,5,2,2024-05-31,384,64
47,2,2,2024-06-30,272,73
47,5,2,2024-07-31,327,140
47,3,2,2024-08-31,278,95
47,5,2,2024-09-30,473,108
47,1,2,2024-10-31,422,77
47,2,2,2024-11-30,188,65
47,1,2,2024-12-31,245,131
47,2,3,2024-01-31,285,62
47,2,3,2024-02-29,220,143
47,5,3,2024-03-31,268,92
47,1,3,2024-04-30,93,70
47,4,3,2024-05-31,423,132
47,4,3,2024-06-30,142,122
47,5,3,2024-07-31,201,144
47,1,3,2024-08-31,470,101
47,1,3,2024-09-30,312,101
47,4,3,2024-10-31,181,50
47,2,3,2024-11-30,226,124
47,4,3,2024-12-31,207,58
48,1,1,2024-01-31,480,127
48,3,1,2024-02-29,440,57
48,1,1,2024-03-31,189,61
48,3,1,2024-04-30,106,91
48,1,1,2024-05-31,138,92
48,2,1,2024-06-30,480,81
48,5,1,2024-07-31,220,134
48,2,1,2024-08-31,423,72
48,5,1,2024-09-30,101,86
48,1,1,2024-10-31,191,103
48,3,1,2024-11-30,432,148
48,1,1,2024-12-31,138,137
48,3,2,2024-01-31,148,115
48,3,2,2024-02-29,358,77
48,3,2,2024-03-31,272,55
48,2,2,2024-04-30,183,77
48,3,2,2024-05-31,37,86
48,2,2,2024-06-30,243,117
48,4,2,2024-07-31,176,92
48,4,2,2024-08-31,57,62
48,1,2,2024-09-30,57,81
48,4,2,2024-10-31,104,149
48,2,2,2024-11-30,493,132
48,3,2,2024-12-31,251,148
48,2,3,2024-01-31,283,50
48,1,3,2024-02-29,209,97
48,2,3,2024-03-31,446,125
48,4,3,2024-04-30,387,87
48,4,3,2024-05-31,410,58
48,5,3,2024-06-30,286,137
48,3,3,2024-07-31,24,83
48,2,3,2024-08-31,249,73
48,4,3,2024-09-30,72,75
48,3,3,2024-10-31,447,59
48,5,3,2024-11-30,322,73
48,3,3,2024-12-31,194,107
49,3,1,2024-01-31,463,64
49,4,1,2024-02-29,459,102
49,2,1,2024-03-31,281,96
49,2,1,2024-04-30,470,144
49,4,1,2024-05-31,339,61
49,1,1,2024-06-30,86,97
49,2,1,2024-07-31,245,138
49,2,1,2024-08-31,157,52
49,4,1,2024-09-30,148,138
49,5,1,2024-10-31,432,135
49,4,1,2024-11-30,445,146
49,2,1,2024-12-31,293,64
49,1,2,2024-01-31,249,101
49,1,2,2024-02-29,276,137
49,1,2,2024-03-31,377,54
49,4,2,2024-04-30,362,96
49,5,2,2024-05-31,90,67
49,3,2,2024-06-30,475,148
49,1,2,2024-07-31,39,59
49,3,2,2024-08-31,179,121
49,5,2,2024-09-30,60,113
49,5,2,2024-10-31,377,102
49,5,2,2024-11-30,55,108
49,5,2,2024-12-31,357,142
49,2,3,2024-01-31,72,108
49,3,3,2024-02-29,448,109
49,4,3,2024-03-31,29,60
49,2,3,2024-04-30,107,125
49,5,3,2024-05-31,204,121
49,4,3,2024-06-30,380,103
49,1,3,2024-07-31,377,143
49,2,3,2024-08-31,102,144
49,2,3,2024-09-30,468,105
49,4,3,2024-10-31,246,80
49,1,3,2024-11-30,344,125
49,5,3,2024-12-31,438,71
50,1,1,2024-01-31,110,50
50,2,1,2024-02-29,248,112
50,5,1,2024-03-31,181,91
50,3,1,2024-04-30,334,130
50,1,1,2024-05-31,492,129
50,5,1,2024-06-30,16,139
50,1,1,2024-07-31,144,87
50,5,1,2024-08-31,495,127
50,5,1,2024-09-30,261,84
50,5,1,2024-10-31,142,103
50,1,1,2024-11-30,282,62
50,4,1,2024-12-31,414,84
50,2,2,2024-01-31,5,118
50,1,2,2024-02-29,304,72
50,5,2,2024-03-31,417,75
50,3,2,2024-04-30,473,69
50,4,2,2024-05-31,447,67
50,5,2,2024-06-30,272,63
50,3,2,2024-07-31,390,93
50,1,2,2024-08-31,62,84
50,4,2,2024-09-30,418,68
50,2,2,2024-10-31,99,84
50,5,2,2024-11-30,431,93
50,3,2,2024-12-31,380,66
50,3,3,2024-01-31,49,114
50,5,3,2024-02-29,287,85
50,5,3,2024-03-31,453,107
50,4,3,2024-04-30,367,128
50,4,3,2024-05-31,295,108
50,4,3,2024-06-30,399,111
50,4,3,2024-07-31,428,139
50,3,3,2024-08-31,351,115
50,3,3,2024-09-30,245,57
50,5,3,2024-10-31,158,122
50,4,3,2024-11-30,449,57
50,3,3,2024-12-31,370,106
51,2,1,2024-01-31,285,123
51,5,1,2024-02-29,369,118
51,4,1,2024-03-31,220,88
51,5,1,2024-04-30,97,92
51,2,1,2024-05-31,150,118
51,5,1,2024-06-30,493,53
51,2,1,2024-07-31,406,55
51,2,1,2024-08-31,145,64
51,5,1,2024-09-30,95,122
51,3,1,2024-10-31,201,133
51,2,1,2024-11-30,446,116
51,1,1,2024-12-31,138,92
51,4,2,2024-01-31,95,53
51,3,2,2024-02-29,336,90
51,3,2,2024-03-31,388,81
51,4,2,2024-04-30,21,114
51,5,2,2024-05-31,149,60
51,1,2,2024-06-30,250,52
51,1,2,2024-07-31,315,125
51,2,2,2024-08-31,17,122
51,5,2,2024-09-30,82,96
51,1,2,2024-10-31,46,136
51,5,2,2024-11-30,411,147
51,2,2,2024-12-31,247,74
51,1,3,2024-01-31,205,107
51,3,3,2024-02-29,24,127
51,2,3,2024-03-31,115,97
51,3,3,2024-04-30,265,148
51,5,3,2024-05-31,10,134
51,1,3,2024-06-30,213,94
51,2,3,2024-07-31,447,113
51,2,3,2024-08-31,331,91
51,1,3,2024-09-30,53,124
51,3,3,2024-10-31,242,67
51,1,3,2024-11-30,186,139
51,2,3,2024-12-31,363,96
52,5,1,2024-01-31,75,109
52,2,1,2024-02-29,387,51
52,3,1,2024-03-31,314,76
52,4,1,2024-04-30,78,121
52,3,1,2024-05-31,11,62
52,5,1,2024-06-30,16,112
52,5,1,2024-07-31,464,85
52,2,1,2024-08-31,7,118
52,4,1,2024-09-30,207,85
52,4,1,2024-10-31,117,142
52,2,1,2024-11-30,100,79
52,4,1,2024-12-31,70,101
52,5,2,2024-01-31,380,86
52,4,2,2024-02-29,194,64
52,4,2,2024-03-31,430,95
52,2,2,2024-04-30,274,126
52,5,2,2024-05-31,20,113
52,4,2,2024-06-30,26,104
52,1,2,2024-07-31,284,69
52,4,2,2024-08-31,325,112
52,2,2,2024-09-30,385,71
52,4,2,2024-10-31,452,103
52,3,2,2024-11-30,29,94
52,5,2,2024-12-31,470,83
52,5,3,2024-01-31,426,111
52,4,3,2024-02-29,355,71
52,1,3,2024-03-31,435,85
52,4,3,2024-04-30,230,68
52,1,3,2024-05-31,238,128
52,4,3,2024-06-30,147,58
52,5,3,2024-07-31,49,131
52,3,3,2024-08-31,403,136
52,2,3,2024-09-30,164,71
52,4,3,2024-10-31,323,142
52,2,3,2024-11-30,289,126
52,4,3,2024-12-31,136,144
53,3,1,2024-01-31,146,143
53,5,1,2024-02-29,440,134
53,5,1,2024-03-31,414,132
53,3,1,2024-04-30,287,115
53,2,1,2024-05-31,371,59
53,1,1,2024-06-30,193,109
53,5,1,2024-07-31,351,65
53,1,1,2024-08-31,414,137
53,4,1,2024-09-30,394,134
53,2,1,2024-10-31,326,75
53,1,1,2024-11-30,395,144
53,4,1,2024-12-31,224,124
53,4,2,2024-01-31,479,114
53,2,2,2024-02-29,180,120
53,4,2,2024-03-31,105,73
53,2,2,2024-04-30,107,68
53,2,2,2024-05-31,458,89
53,5,2,2024-06-30,170,124
53,3,2,2024-07-31,194,61
53,1,2,2024-08-31,489,76
53,1,2,2024-09-30,181,115
53,4,2,2024-10-31,143,51
53,4,2,2024-11-30,181,79
53,1,2,2024-12-31,165,77
53,4,3,2024-01-31,95,59
53,1,3,2024-02-29,297,89
53,5,3,2024-03-31,332,91
53,5,3,2024-04-30,245,129
53,4,3,2024-05-31,21,106
53,1,3,2024-06-30,241,76
53,2,3,2024-07-31,335,83
53,4,3,2024-08-31,88,115
53,4,3,2024-09-30,423,122
53,2,3,2024-10-31,345,122
53,4,3,2024-11-30,351,147
53,2,3,2024-12-31,38,109
54,4,1,2024-01-31,320,100
54,3,1,2024-02-29,163,73
54,1,1,2024-03-31,385,80
54,5,1,2024-04-30,77,115
54,5,1,2024-05-31,14,61
54,5,1,2024-06-30,155,133
54,5,1,2024-07-31,358,73
54,5,1,2024-08-31,393,127
54,2,1,2024-09-30,145,137
54,4,1,2024-10-31,127,107
54,4,1,2024-11-30,149,119
54,5,1,2024-12-31,172,85
54,1,2,2024-01-31,355,105
54,5,2,2024-02-29,95,82
54,2,2,2024-03-31,163,69
54,5,2,2024-04-30,293,116
54,3,2,2024-05-31,122,65
54,5,2,2024-06-30,452,117
54,4,2,2024-07-31,103,127
54,5,2,2024-08-31,399,130
54,5,2,2024-09-30,86,63
54,4,2,2024-10-31,198,95
54,4,2,2024-11-30,400,90
54,5,2,2024-12-31,97,54
54,3,3,2024-01-31,282,136
54,3,3,2024-02-29,205,128
54,3,3,2024-03-31,352,80
54,3,3,2024-04-30,272,141
54,5,3,2024-05-31,109,103
54,3,3,2024-06-30,250,133
54,5,3,2024-07-31,132,122
54,2,3,2024-08-31,325,74
54,4,3,2024-09-30,428,118
54,1,3,2024-10-31,218,138
54,3,3,2024-11-30,211,93
54,3,3,2024-12-31,422,103
55,2,1,2024-01-31,412,103
55,4,1,2024-02-29,15,148
55,1,1,2024-03-31,45,116
55,5,1,2024-04-30,382,107
55,1,1,2024-05-31,110,50
55,4,1,2024-06-30,193,78
55,5,1,2024-07-31,325,57
55,1,1,2024-08-31,111,100
55,3,1,2024-09-30,130,109
55,4,1,2024-10-31,196,140
55,5,1,2024-11-30,203,133
55,4,1,2024-12-31,275,122
55,3,2,2024-01-31,242,68
55,5,2,2024-02-29,172,92
55,1,2,2024-03-31,396,109
55,4,2,2024-04-30,85,141
55,5,2,2024-05-31,110,102
55,3,2,2024-06-30,341,92
55,2,2,2024-07-31,455,121
55,3,2,2024-08-31,345,75
55,1,2,2024-09-30,76,77
55,3,2,2024-10-31,19,105
55,3,2,2024-11-30,239,88
55,3,2,2024-12-31,267,128
55,3,3,2024-01-31,153,91
55,2,3,2024-02-29,10,87
55,4,3,2024-03-31,426,68
55,4,3,2024-04-30,229,91
55,3,3,2024-05-31,64,148
55,3,3,2024-06-30,51,96
55,4,3,2024-07-31,358,110
55,2,3,2024-08-31,408,61
55,3,3,2024-09-30,357,61
55,5,3,2024-10-31,50,86
55,1,3,2024-11-30,87,129
55,5,3,2024-12-31,268,138
56,1,1,2024-01-31,117,103
56,3,1,2024-02-29,115,53
56,2,1,2024-03-31,479,98
56,1,1,2024-04-30,10,141
56,2,1,2024-05-31,214,94
56,2,1,2024-06-30,27,106
56,5,1,2024-07-31,408,103
56,4,1,2024-08-31,466,146
56,3,1,2024-09-30,269,127
56,1,1,2024-10-31,285,141
56,4,1,2024-11-30,450,129
56,1,1,2024-12-31,92,94
56,5,2,2024-01-31,434,96
56,1,2,2024-02-29,63,87
56,1,2,2024-03-31,489,56
56,2,2,2024-04-30,209,90
56,5,2,2024-05-31,137,106
56,4,2,2024-06-30,305,140
56,4,2,2024-07-31,160,50
56,2,2,2024-08-31,436,109
56,4,2,2024-09-30,3,66
56,4,2,2024-10-31,426,139
56,2,2,2024-11-30,0,120
56,3,2,2024-12-31,456,110
56,3,3,2024-01-31,7,73
56,4,3,2024-02-29,291,99
56,3,3,2024-03-31,122,92
56,1,3,2024-04-30,31,127
56,4,3,2024-05-31,145,77
56,3,3,2024-06-30,412,65
56,4,3,2024-07-31,46,108
56,2,3,2024-08-31,420,66
56,1,3,2024-09-30,431,88
56,3,3,2024-10-31,131,79
56,4,3,2024-11-30,65,61
56,5,3,2024-12-31,17,139
57,5,1,2024-01-31,254,120
57,2,1,2024-02-29,256,107
57,5,1,2024-03-31,86,139
57,4,1,2024-04-30,389,119
57,3,1,2024-05-31,199,73
57,5,1,2024-06-30,100,67
57,1,1,2024-07-31,29,91
57,3,1,2024-08-31,457,61
57,5,1,2024-09-30,422,58
57,1,1,2024-10-31,331,78
57,5,1,2024-11-30,234,111
57,4,1,2024-12-31,270,51
57,2,2,2024-01-31,486,93
57,3,2,2024-02-29,258,56
57,5,2,2024-03-31,209,87
57,4,2,2024-04-30,185,82
57,2,2,2024-05-31,442,144
57,3,2,2024-06-30,10,117
57,1,2,2024-07-31,209,117
57,2,2,2024-08-31,97,142
57,2,2,2024-09-30,171,55
57,5,2,2024-10-31,24,106
57,4,2,2024-11-30,54,65
57,3,2,2024-12-31,223,141
57,1,3,2024-01-31,118,98
57,5,3,2024-02-29,441,94
57,2,3,2024-03-31,214,118
57,3,3,2024-04-30,52,145
57,2,3,2024-05-31,329,88
57,5,3,2024-06-30,270,120
57,3,3,2024-07-31,122,52
57,5,3,2024-08-31,265,141
57,4,3,2024-09-30,462,84
57,5,3,2024-10-31,110,87
57,3,3,2024-11-30,348,68
57,2,3,2024-12-31,391,57
58,4,1,2024-01-31,339,96
58,3,1,2024-02-29,178,134
58,5,1,2024-03-31,44,57
58,4,1,2024-04-30,194,58
58,5,1,2024-05-31,333,126
58,2,1,2024-06-30,326,64
58,1,1,2024-07-31,424,71
58,1,1,2024-08-31,484,93
58,1,1,2024-09-30,265,129
58,4,1,2024-10-31,472,99
58,4,1,2024-11-30,344,130
58,1,1,2024-12-31,153,127
58,3,2,2024-01-31,419,72
58,3,2,2024-02-29,133,118
58,5,2,2024-03-31,24,67
58,4,2,2024-04-30,42,127
58,4,2,2024-05-31,145,108
58,4,2,2024-06-30,318,106
58,3,2,2024-07-31,178,105
58,4,2,2024-08-31,159,58
58,4,2,2024-09-30,219,146
58,3,2,2024-10-31,301,147
58,5,2,2024-11-30,409,57
58,1,2,2024-12-31,268,118
58,2,3,2024-01-31,147,131
58,5,3,2024-02-29,65,123
58,4,3,2024-03-31,369,96
58,2,3,2024-04-30,494,126
58,3,3,2024-05-31,110,104
58,5,3,2024-06-30,146,84
58,5,3,2024-07-31,25,63
58,1,3,2024-08-31,427,137
58,3,3,2024-09-30,192,100
58,3,3,2024-10-31,374,135
58,4,3,2024-11-30,337,125
58,3,3,2024-12-31,347,109
59,4,1,2024-01-31,288,68
59,5,1,2024-02-29,378,101
59,5,1,2024-03-31,125,98
59,2,1,2024-04-30,409,148
59,5,1,2024-05-31,126,148
59,4,1,2024-06-30,125,136
59,4,1,2024-07-31,309,71
59,4,1,2024-08-31,495,84
59,4,1,2024-09-30,172,95
59,5,1,2024-10-31,438,135
59,1,1,2024-11-30,281,134
59,3,1,2024-12-31,488,114
59,3,2,2024-01-31,63,136
59,5,2,2024-02-29,362,72
59,1,2,2024-03-31,490,67
59,3,2,2024-04-30,404,106
59,2,2,2024-05-31,300,93
59,3,2,2024-06-30,87,96
59,2,2,2024-07-31,169,56
59,3,2,2024-08-31,431,133
59,1,2,2024-09-30,133,140
59,5,2,2024-10-31,244,106
59,5,2,2024-11-30,89,89
59,4,2,2024-12-31,76,98
59,1,3,2024-01-31,100,141
59,2,3,2024-02-29,27,90
59,2,3,2024-03-31,24,107
59,3,3,2024-04-30,296,55
59,5,3,2024-05-31,248,87
59,2,3,2024-06-30,74,63
59,5,3,2024-07-31,167,52
59,3,3,2024-08-31,354,146
59,1,3,2024-09-30,145,113
59,5,3,2024-10-31,371,137
59,1,3,2024-11-30,34,111
59,5,3,2024-12-31,483,74
60,1,1,2024-01-31,432,147
60,5,1,2024-02-29,399,147
60,3,1,2024-03-31,402,72
60,3,1,2024-04-30,24,65
60,2,1,2024-05-31,328,50
60,2,1,2024-06-30,402,146
60,2,1,2024-07-31,335,104
60,5,1,2024-08-31,33,138
60,5,1,2024-09-30,44,55
60,1,1,2024-10-31,121,119
60,2,1,2024-11-30,47,88
60,1,1,2024-12-31,9,79
60,4,2,2024-01-31,243,67
60,4,2,2024-02-29,87,122
60,1,2,2024-03-31,190,89
60,2,2,2024-04-30,108,58
60,3,2,2024-05-31,387,130
60,5,2,2024-06-30,376,101
60,4,2,2024-07-31,246,54
60,2,2,2024-08-31,78,67
60,4,2,2024-09-30,92,62
60,5,2,2024-10-31,425,123
60,3,2,2024-11-30,94,57
60,1,2,2024-12-31,495,112
60,3,3,2024-01-31,477,60
60,5,3,2024-02-29,484,91
60,4,3,2024-03-31,163,62
60,4,3,2024-04-30,36,123
60,2,3,2024-05-31,72,101
60,4,3,2024-06-30,245,105
60,5,3,2024-07-31,278,89
60,2,3,2024-08-31,150,78
60,1,3,2024-09-30,178,118
60,4,3,2024-10-31,286,99
60,1,3,2024-11-30,235,104
60,1,3,2024-12-31,492,51
61,2,1,2024-01-31,12,141
61,3,1,2024-02-29,374,119
61,2,1,2024-03-31,185,148
61,5,1,2024-04-30,74,133
61,3,1,2024-05-31,466,135
61,1,1,2024-06-30,443,132
61,1,1,2024-07-31,323,64
61,3,1,2024-08-31,491,104
61,1,1,2024-09-30,182,63
61,3,1,2024-10-31,466,149
61,3,1,2024-11-30,304,138
61,4,1,2024-12-31,71,131
61,2,2,2024-01-31,79,132
61,5,2,2024-02-29,272,112
61,3,2,2024-03-31,460,56
61,4,2,2024-04-30,9,83
61,2,2,2024-05-31,408,55
61,5,2,2024-06-30,214,55
61,1,2,2024-07-31,125,74
61,3,2,2024-08-31,173,73
61,4,2,2024-09-30,25,147
61,5,2,2024-10-31,386,124
61,2,2,2024-11-30,77,100
61,3,2,2024-12-31,175,70
61,4,3,2024-01-31,327,100
61,3,3,2024-02-29,111,145
61,5,3,2024-03-31,326,58
61,4,3,2024-04-30,384,78
61,5,3,2024-05-31,34,52
61,3,3,2024-06-30,103,56
61,4,3,2024-07-31,0,140
61,3,3,2024-08-31,86,90
61,5,3,2024-09-30,330,91
61,4,3,2024-10-31,416,99
61,1,3,2024-11-30,164,108
61,5,3,2024-12-31,226,97
62,3,1,2024-01-31,47,145
62,3,1,2024-02-29,371,96
62,5,1,2024-03-31,115,63
62,1,1,2024-04-30,316,80
62,4,1,2024-05-31,379,73
62,2,1,2024-06-30,150,131
62,3,1,2024-07-31,205,128
62,4,1,2024-08-31,270,99
62,3,1,2024-09-30,246,57
62,5,1,2024-10-31,189,96
62,5,1,2024-11-30,360,147
62,4,1,2024-12-31,415,143
62,1,2,2024-01-31,240,62
62,4,2,2024-02-29,33,111
62,2,2,2024-03-31,333,142
62,5,2,2024-04-30,81,120
62,5,2,2024-05-31,414,113
62,3,2,2024-06-30,408,87
62,1,2,2024-07-31,309,51
62,1,2,2024-08-31,356,127
62,5,2,2024-09-30,55,143
62,5,2,2024-10-31,339,134
62,3,2,2024-11-30,244,71
62,2,2,2024-12-31,484,65
62,1,3,2024-01-31,121,92
62,2,3,2024-02-29,335,107
62,2,3,2024-03-31,131,134
62,1,3,2024-04-30,349,55
62,5,3,2024-05-31,486,138
62,3,3,2024-06-30,68,69
62,1,3,2024-07-31,104,86
62,1,3,2024-08-31,196,91
62,3,3,2024-09-30,321,58
62,2,3,2024-10-31,99,135
62,3,3,2024-11-30,438,78
62,2,3,2024-12-31,365,146
63,1,1,2024-01-31,326,114
63,4,1,2024-02-29,0,137
63,3,1,2024-03-31,259,131
63,1,1,2024-04-30,170,108
63,4,1,2024-05-31,283,104
63,2,1,2024-06-30,187,119
63,1,1,2024-07-31,86,137
63,2,1,2024-08-31,12,105
63,1,1,2024-09-30,181,126
63,5,1,2024-10-31,228,92
63,2,1,2024-11-30,425,130
63,3,1,2024-12-31,406,103
63,2,2,2024-01-31,285,147
63,2,2,2024-02-29,195,116
63,2,2,2024-03-31,105,56
63,1,2,2024-04-30,192,117
63,5,2,2024-05-31,51,78
63,1,2,2024-06-30,473,127
63,4,2,2024-07-31,250,96
63,3,2,2024-08-31,297,100
63,3,2,2024-09-30,197,69
63,1,2,2024-10-31,421,121
63,3,2,2024-11-30,181,73
63,1,2,2024-12-31,469,112
63,3,3,2024-01-31,438,109
63,5,3,2024-02-29,61,79
63,4,3,2024-03-31,21,124
63,3,3,2024-04-30,125,78
63,2,3,2024-05-31,424,91
63,2,3,2024-06-30,448,80
63,1,3,2024-07-31,246,66
63,3,3,2024-08-31,206,105
63,1,3,2024-09-30,55,68
63,3,3,2024-10-31,427,147
63,4,3,2024-11-30,113,50
63,5,3,2024-12-31,340,142
64,1,1,2024-01-31,320,100
64,5,1,2024-02-29,218,70
64,2,1,2024-03-31,15,110
64,1,1,2024-04-30,335,141
64,3,1,2024-05-31,99,123
64,4,1,2024-06-30,272,108
64,4,1,2024-07-31,180,120
64,5,1,2024-08-31,334,83
64,3,1,2024-09-30,451,127
64,2,1,2024-10-31,1,59
64,5,1,2024-11-30,124,130
64,1,1,2024-12-31,139,119
64,5,2,2024-01-31,339,50
64,3,2,2024-02-29,57,119
64,5,2,2024-03-31,401,55
64,2,2,2024-04-30,96,72
64,4,2,2024-05-31,460,56
64,1,2,2024-06-30,26,75
64,5,2,2024-07-31,462,85
64,3,2,2024-08-31,54,113
64,5,2,2024-09-30,184,118
64,2,2,2024-10-31,129,104
64,5,2,2024-11-30,96,129
64,3,2,2024-12-31,153,84
64,2,3,2024-01-31,342,78
64,1,3,2024-02-29,96,90
64,3,3,2024-03-31,150,120
64,2,3,2024-04-30,313,81
64,1,3,2024-05-31,42,56
64,4,3,2024-06-30,0,110
64,2,3,2024-07-31,223,55
64,2,3,2024-08-31,70,139
64,5,3,2024-09-30,157,149
64,1,3,2024-10-31,125,109
64,3,3,2024-11-30,96,123
64,3,3,2024-12-31,190,91
65,1,1,2024-01-31,447,125
65,3,1,2024-02-29,31,64
65,3,1,2024-03-31,283,130
65,2,1,2024-04-30,497,107
65,2,1,2024-05-31,126,85
65,1,1,2024-06-30,198,62
65,2,1,2024-07-31,214,109
65,2,1,2024-08-31,480,124
65,3,1,2024-09-30,24,97
65,1,1,2024-10-31,116,87
65,1,1,2024-11-30,428,137
65,5,1,2024-12-31,144,137
65,1,2,2024-01-31,312,51
65,1,2,2024-02-29,317,137
65,1,2,2024-03-31,323,130
65,2,2,2024-04-30,116,99
65,5,2,2024-05-31,202,134
65,5,2,2024-06-30,401,104
65,5,2,2024-07-31,151,123
65,2,2,2024-08-31,400,67
65,5,2,2024-09-30,495,133
65,1,2,2024-10-31,44,131
65,1,2,2024-11-30,72,63
65,4,2,2024-12-31,156,144
65,3,3,2024-01-31,337,69
65,5,3,2024-02-29,107,58
65,4,3,2024-03-31,78,76
65,2,3,2024-04-30,484,68
65,1,3,2024-05-31,435,75
65,4,3,2024-06-30,153,75
65,5,3,2024-07-31,432,131
65,1,3,2024-08-31,130,115
65,1,3,2024-09-30,297,68
65,4,3,2024-10-31,491,82
65,3,3,2024-11-30,176,105
65,2,3,2024-12-31,362,98
66,4,1,2024-01-31,354,121
66,4,1,2024-02-29,355,56
66,5,1,2024-03-31,399,73
66,1,1,2024-04-30,309,111
66,2,1,2024-05-31,48,74
66,2,1,2024-06-30,117,129
66,4,1,2024-07-31,199,78
66,4,1,2024-08-31,133,65
66,1,1,2024-09-30,335,120
66,2,1,2024-10-31,333,92
66,1,1,2024-11-30,89,127
66,4,1,2024-12-31,25,94
66,4,2,2024-01-31,62,116
66,3,2,2024-02-29,67,75
66,4,2,2024-03-31,1,63
66,4,2,2024-04-30,285,98
66,1,2,2024-05-31,217,93
66,2,2,2024-06-30,268,127
66,5,2,2024-07-31,235,75
66,4,2,2024-08-31,411,97
66,2,2,2024-09-30,423,115
66,5,2,2024-10-31,456,136
66,4,2,2024-11-30,278,130
66,4,2,2024-12-31,129,133
66,3,3,2024-01-31,186,95
66,2,3,2024-02-29,182,61
66,3,3,2024-03-31,99,127
66,5,3,2024-04-30,161,93
66,5,3,2024-05-31,237,55
66,2,3,2024-06-30,191,149
66,3,3,2024-07-31,11,101
66,5,3,2024-08-31,245,143
66,3,3,2024-09-30,50,120
66,3,3,2024-10-31,261,133
66,3,3,2024-11-30,52,97
66,3,3,2024-12-31,68,60
67,5,1,2024-01-31,377,118
67,3,1,2024-02-29,292,58
67,1,1,2024-03-31,92,119
67,5,1,2024-04-30,153,70
67,2,1,2024-05-31,376,60
67,2,1,2024-06-30,471,84
67,4,1,2024-07-31,139,87
67,1,1,2024-08-31,118,83
67,1,1,2024-09-30,9,66
67,3,1,2024-10-31,450,111
67,4,1,2024-11-30,256,61
67,2,1,2024-12-31,425,62
67,1,2,2024-01-31,105,134
67,5,2,2024-02-29,131,131
67,4,2,2024-03-31,18,51
67,2,2,2024-04-30,80,123
67,5,2,2024-05-31,261,57
67,1,2,2024-06-30,306,60
67,1,2,2024-07-31,382,61
67,2,2,2024-08-31,1,57
67,4,2,2024-09-30,138,102
67,4,2,2024-10-31,9,134
67,4,2,2024-11-30,111,57
67,5,2,2024-12-31,476,125
67,2,3,2024-01-31,13,103
67,5,3,2024-02-29,468,135
67,4,3,2024-03-31,235,99
67,1,3,2024-04-30,215,136
67,5,3,2024-05-31,128,75
67,4,3,2024-06-30,43,135
67,2,3,2024-07-31,329,111
67,3,3,2024-08-31,389,66
67,3,3,2024-09-30,241,87
67,5,3,2024-10-31,265,121
67,5,3,2024-11-30,247,119
67,1,3,2024-12-31,56,88
68,4,1,2024-01-31,442,67
68,4,1,2024-02-29,312,145
68,3,1,2024-03-31,303,91
68,2,1,2024-04-30,73,101
68,1,1,2024-05-31,31,75
68,2,1,2024-06-30,330,72
68,5,1,2024-07-31,56,101
68,1,1,2024-08-31,286,113
68,2,1,2024-09-30,212,51
68,5,1,2024-10-31,174,82
68,3,1,2024-11-30,225,133
68,5,1,2024-12-31,434,67
68,5,2,2024-01-31,29,93
68,4,2,2024-02-29,393,136
68,2,2,2024-03-31,176,60
68,4,2,2024-04-30,185,139
68,5,2,2024-05-31,160,96
68,4,2,2024-06-30,295,138
68,2,2,2024-07-31,41,68
68,3,2,2024-08-31,228,143
68,3,2,2024-09-30,441,72
68,1,2,2024-10-31,309,129
68,2,2,2024-11-30,139,73
68,2,2,2024-12-31,308,57
68,2,3,2024-01-31,56,54
68,5,3,2024-02-29,413,103
68,3,3,2024-03-31,338,78
68,2,3,2024-04-30,89,107
68,2,3,2024-05-31,254,125
68,2,3,2024-06-30,458,77
68,4,3,2024-07-31,76,135
68,2,3,2024-08-31,257,56
68,4,3,2024-09-30,473,137
68,4,3,2024-10-31,15,72
68,5,3,2024-11-30,328,81
68,3,3,2024-12-31,396,54
69,5,1,2024-01-31,329,101
69,2,1,2024-02-29,168,102
69,4,1,2024-03-31,142,56
69,4,1,2024-04-30,415,148
69,1,1,2024-05-31,340,119
69,4,1,2024-06-30,387,60
69,5,1,2024-07-31,25,110
69,5,1,2024-08-31,150,142
69,5,1,2024-09-30,495,140
69,5,1,2024-10-31,150,65
69,5,1,2024-11-30,254,117
69,4,1,2024-12-31,361,74
69,5,2,2024-01-31,395,139
69,4,2,2024-02-29,255,146
69,5,2,2024-03-31,8,61
69,4,2,2024-04-30,437,103
69,5,2,2024-05-31,311,148
69,5,2,2024-06-30,481,147
69,3,2,2024-07-31,102,107
69,4,2,2024-08-31,41,87
69,1,2,2024-09-30,180,82
69,2,2,2024-10-31,199,100
69,5,2,2024-11-30,170,64
69,3,2,2024-12-31,220,132
69,4,3,2024-01-31,9,61
69,4,3,2024-02-29,350,67
69,4,3,2024-03-31,280,136
69,5,3,2024-04-30,97,85
69,5,3,2024-05-31,450,58
69,3,3,2024-06-30,308,67
69,1,3,2024-07-31,418,112
69,4,3,2024-08-31,225,127
69,5,3,2024-09-30,348,90
69,4,3,2024-10-31,433,128
69,4,3,2024-11-30,169,129
69,2,3,2024-12-31,115,118
70,2,1,2024-01-31,233,50
70,3,1,2024-02-29,272,140
70,2,1,2024-03-31,173,91
70,4,1,2024-04-30,48,111
70,1,1,2024-05-31,432,108
70,2,1,2024-06-30,323,120
70,3,1,2024-07-31,48,137
70,1,1,2024-08-31,298,147
70,1,1,2024-09-30,379,139
70,3,1,2024-10-31,366,126
70,4,1,2024-11-30,451,129
70,3,1,2024-12-31,413,85
70,2,2,2024-01-31,213,135
70,4,2,2024-02-29,241,98
70,4,2,2024-03-31,310,134
70,2,2,2024-04-30,350,93
70,4,2,2024-05-31,342,102
70,4,2,2024-06-30,206,72
70,5,2,2024-07-31,15,86
70,2,2,2024-08-31,462,66
70,3,2,2024-09-30,36,126
70,2,2,2024-10-31,413,94
70,4,2,2024-11-30,205,111
70,4,2,2024-12-31,355,133
70,1,3,2024-01-31,18,93
70,3,3,2024-02-29,427,117
70,5,3,2024-03-31,33,115
70,2,3,2024-04-30,54,59
70,5,3,2024-05-31,296,126
70,2,3,2024-06-30,377,59
70,4,3,2024-07-31,357,140
70,5,3,2024-08-31,127,100
70,4,3,2024-09-30,391,114
70,5,3,2024-10-31,368,127
70,1,3,2024-11-30,29,134
70,5,3,2024-12-31,264,66
71,4,1,2024-01-31,57,106
71,3,1,2024-02-29,444,89
71,4,1,2024-03-31,62,68
71,5,1,2024-04-30,305,82
71,5,1,2024-05-31,333,146
71,4,1,2024-06-30,42,98
71,1,1,2024-07-31,377,59
71,2,1,2024-08-31,384,120
71,4,1,2024-09-30,218,70
71,4,1,2024-10-31,126,129
71,1,1,2024-11-30,403,103
71,5,1,2024-12-31,155,54
71,1,2,2024-01-31,17,96
71,1,2,2024-02-29,92,68
71,2,2,2024-03-31,192,52
71,1,2,2024-04-30,276,148
71,1,2,2024-05-31,39,116
71,4,2,2024-06-30,126,104
71,5,2,2024-07-31,435,93
71,3,2,2024-08-31,353,134
71,1,2,2024-09-30,372,126
71,1,2,2024-10-31,86,122
71,3,2,2024-11-30,321,68
71,2,2,2024-12-31,390,112
71,4,3,2024-01-31,41,108
71,3,3,2024-02-29,328,66
71,4,3,2024-03-31,430,51
71,5,3,2024-04-30,18,66
71,5,3,2024-05-31,422,131
71,1,3,2024-06-30,245,120
71,5,3,2024-07-31,38,85
71,5,3,2024-08-31,387,74
71,4,3,2024-09-30,157,125
71,1,3,2024-10-31,215,78
71,5,3,2024-11-30,195,100
71,1,3,2024-12-31,145,91
72,2,1,2024-01-31,210,61
72,3,1,2024-02-29,16,79
72,1,1,2024-03-31,98,72
72,4,1,2024-04-30,128,128
72,4,1,2024-05-31,264,64
72,5,1,2024-06-30,407,109
72,3,1,2024-07-31,418,135
72,4,1,2024-08-31,210,125
72,1,1,2024-09-30,320,134
72,2,1,2024-10-31,108,50
72,4,1,2024-11-30,46,108
72,3,1,2024-12-31,341,67
72,3,2,2024-01-31,219,67
72,5,2,2024-02-29,166,98
72,2,2,2024-03-31,81,93
72,2,2,2024-04-30,326,85
72,1,2,2024-05-31,37,108
72,3,2,2024-06-30,200,121
72,5,2,2024-07-31,34,131
72,4,2,2024-08-31,397,141
72,1,2,2024-09-30,166,133
72,2,2,2024-10-31,411,125
72,4,2,2024-11-30,234,127
72,4,2,2024-12-31,380,87
72,1,3,2024-01-31,462,137
72,1,3,2024-02-29,0,56
72,2,3,2024-03-31,350,61
72,2,3,2024-04-30,132,99
72,2,3,2024-05-31,357,61
72,4,3,2024-06-30,449,123
72,4,3,2024-07-31,121,66
72,1,3,2024-08-31,326,111
72,2,3,2024-09-30,478,83
72,2,3,2024-10-31,485,94
72,4,3,2024-11-30,178,83
72,2,3,2024-12-31,270,127
73,3,1,2024-01-31,356,81
73,2,1,2024-02-29,2,135
73,5,1,2024-03-31,50,116
73,1,1,2024-04-30,331,142
73,2,1,2024-05-31,6,62
73,1,1,2024-06-30,3,59
73,3,1,2024-07-31,51,55
73,2,1,2024-08-31,324,145
73,5,1,2024-09-30,392,140
73,4,1,2024-10-31,210,70
73,3,1,2024-11-30,151,108
73,1,1,2024-12-31,258,117
73,3,2,2024-01-31,356,89
73,4,2,2024-02-29,478,105
73,5,2,2024-03-31,472,89
73,5,2,2024-04-30,323,95
73,1,2,2024-05-31,154,55
73,1,2,2024-06-30,419,148
73,1,2,2024-07-31,488,51
73,2,2,2024-08-31,76,101
73,3,2,2024-09-30,307,141
73,3,2,2024-10-31,473,71
73,3,2,2024-11-30,438,116
73,4,2,2024-12-31,443,107
73,4,3,2024-01-31,215,118
73,5,3,2024-02-29,102,88
73,5,3,2024-03-31,296,106
73,5,3,2024-04-30,492,61
73,1,3,2024-05-31,119,123
73,5,3,2024-06-30,56,89
73,5,3,2024-07-31,34,52
73,5,3,2024-08-31,217,60
73,2,3,2024-09-30,183,59
73,3,3,2024-10-31,115,83
73,3,3,2024-11-30,199,80
73,5,3,2024-12-31,236,120
74,1,1,2024-01-31,65,119
74,4,1,2024-02-29,446,81
74,2,1,2024-03-31,440,147
74,4,1,2024-04-30,463,74
74,1,1,2024-05-31,198,88
74,5,1,2024-06-30,44,60
74,2,1,2024-07-31,406,140
74,1,1,2024-08-31,213,133
74,5,1,2024-09-30,334,142
74,1,1,2024-10-31,48,101
74,2,1,2024-11-30,277,54
74,3,1,2024-12-31,165,86
74,2,2,2024-01-31,478,113
74,3,2,2024-02-29,78,91
74,2,2,2024-03-31,175,93
74,3,2,2024-04-30,86,146
74,2,2,2024-05-31,97,77
74,1,2,2024-06-30,349,62
74,5,2,2024-07-31,463,108
74,5,2,2024-08-31,374,141
74,4,2,2024-09-30,230,94
74,3,2,2024-10-31,279,110
74,5,2,2024-11-30,349,107
74,2,2,2024-12-31,410,75
74,3,3,2024-01-31,46,102
74,4,3,2024-02-29,37,118
74,2,3,2024-03-31,225,102
74,3,3,2024-04-30,47,144
74,5,3,2024-05-31,392,113
74,4,3,2024-06-30,181,100
74,5,3,2024-07-31,381,52
74,1,3,2024-08-31,371,60
74,3,3,2024-09-30,357,107
74,5,3,2024-10-31,410,146
74,2,3,2024-11-30,38,144
74,3,3,2024-12-31,90,85
75,3,1,2024-01-31,110,131
75,3,1,2024-02-29,192,112
75,4,1,2024-03-31,290,80
75,1,1,2024-04-30,102,50
75,3,1,2024-05-31,42,133
75,2,1,2024-06-30,190,100
75,2,1,2024-07-31,209,113
75,2,1,2024-08-31,68,58
75,5,1,2024-09-30,417,109
75,2,1,2024-10-31,414,59
75,5,1,2024-11-30,75,85
75,1,1,2024-12-31,48,119
75,5,2,2024-01-31,386,123
75,5,2,2024-02-29,493,139
75,4,2,2024-03-31,468,139
75,5,2,2024-04-30,25,121
75,3,2,2024-05-31,253,64
75,5,2,2024-06-30,143,50
75,5,2,2024-07-31,258,101
75,3,2,2024-08-31,375,129
75,3,2,2024-09-30,148,115
75,2,2,2024-10-31,165,139
75,1,2,2024-11-30,317,95
75,1,2,2024-12-31,394,121
75,5,3,2024-01-31,116,120
75,5,3,2024-02-29,199,112
75,2,3,2024-03-31,447,69
75,2,3,2024-04-30,301,80
75,1,3,2024-05-31,248,142
75,2,3,2024-06-30,270,143
75,4,3,2024-07-31,393,78
75,1,3,2024-08-31,83,86
75,4,3,2024-09-30,231,142
75,5,3,2024-10-31,431,87
75,1,3,2024-11-30,224,122
75,5,3,2024-12-31,90,137
76,3,1,2024-01-31,89,78
76,4,1,2024-02-29,304,92
76,5,1,2024-03-31,219,121
76,2,1,2024-04-30,388,91
76,2,1,2024-05-31,163,76
76,1,1,2024-06-30,301,115
76,1,1,2024-07-31,72,76
76,2,1,2024-08-31,86,123
76,5,1,2024-09-30,435,74
76,5,1,2024-10-31,66,55
76,5,1,2024-11-30,313,119
76,2,1,2024-12-31,65,107
76,2,2,2024-01-31,81,136
76,5,2,2024-02-29,203,71
76,4,2,2024-03-31,403,73
76,1,2,2024-04-30,64,114
76,5,2,2024-05-31,250,50
76,1,2,2024-06-30,115,143
76,3,2,2024-07-31,494,52
76,4,2,2024-08-31,215,135
76,5,2,2024-09-30,300,75
76,2,2,2024-10-31,448,73
76,4,2,2024-11-30,34,73
76,3,2,2024-12-31,483,129
76,1,3,2024-01-31,464,103
76,1,3,2024-02-29,481,60
76,3,3,2024-03-31,334,139
76,5,3,2024-04-30,67,92
76,2,3,2024-05-31,482,62
76,2,3,2024-06-30,74,131
76,2,3,2024-07-31,102,90
76,3,3,2024-08-31,177,136
76,4,3,2024-09-30,38,52
76,2,3,2024-10-31,6,98
76,2,3,2024-11-30,160,97
76,4,3,2024-12-31,488,120
77,4,1,2024-01-31,275,85
77,4,1,2024-02-29,332,50
77,4,1,2024-03-31,55,84
77,2,1,2024-04-30,438,138
77,5,1,2024-05-31,82,114
77,3,1,2024-06-30,127,100
77,4,1,2024-07-31,108,102
77,4,1,2024-08-31,163,117
77,2,1,2024-09-30,179,102
77,1,1,2024-10-31,433,129
77,2,1,2024-11-30,401,71
77,4,1,2024-12-31,20,149
77,5,2,2024-01-31,102,96
77,5,2,2024-02-29,309,139
77,4,2,2024-03-31,272,129
77,1,2,2024-04-30,158,122
77,4,2,2024-05-31,100,51
77,3,2,2024-06-30,175,63
77,2,2,2024-07-31,352,148
77,3,2,2024-08-31,358,107
77,3,2,2024-09-30,467,51
77,3,2,2024-10-31,296,132
77,4,2,2024-11-30,228,131
77,4,2,2024-12-31,139,78
77,1,3,2024-01-31,354,54
77,2,3,2024-02-29,105,81
77,5,3,2024-03-31,170,130
77,1,3,2024-04-30,300,58
77,4,3,2024-05-31,416,149
77,1,3,2024-06-30,145,58
77,1,3,2024-07-31,28,127
77,2,3,2024-08-31,142,55
77,5,3,2024-09-30,156,128
77,2,3,2024-10-31,259,131
77,4,3,2024-11-30,440,98
77,3,3,2024-12-31,230,129
78,3,1,2024-01-31,269,52
78,2,1,2024-02-29,113,111
78,2,1,2024-03-31,319,94
78,4,1,2024-04-30,209,107
78,1,1,2024-05-31,57,138
78,4,1,2024-06-30,485,126
78,1,1,2024-07-31,374,127
78,5,1,2024-08-31,91,101
78,2,1,2024-09-30,7,93
78,5,1,2024-10-31,235,54
78,1,1,2024-11-30,414,94
78,1,1,2024-12-31,233,81
78,2,2,2024-01-31,125,116
78,3,2,2024-02-29,203,78
78,5,2,2024-03-31,473,106
78,2,2,2024-04-30,285,58
78,3,2,2024-05-31,385,111
78,1,2,2024-06-30,429,117
78,4,2,2024-07-31,178,62
78,1,2,2024-08-31,162,104
78,1,2,2024-09-30,129,110
78,4,2,2024-10-31,171,113
78,2,2,2024-11-30,46,51
78,2,2,2024-12-31,332,118
78,2,3,2024-01-31,105,93
78,3,3,2024-02-29,255,105
78,2,3,2024-03-31,382,138
78,3,3,2024-04-30,484,79
78,2,3,2024-05-31,396,52
78,5,3,2024-06-30,312,73
78,4,3,2024-07-31,197,92
78,2,3,2024-08-31,185,98
78,2,3,2024-09-30,203,149
78,2,3,2024-10-31,10,147
78,4,3,2024-11-30,145,134
78,4,3,2024-12-31,103,101
79,3,1,2024-01-31,277,102
79,2,1,2024-02-29,477,79
79,3,1,2024-03-31,312,122
79,3,1,2024-04-30,275,74
79,3,1,2024-05-31,260,124
79,2,1,2024-06-30,214,76
79,3,1,2024-07-31,26,111
79,2,1,2024-08-31,383,99
79,4,1,2024-09-30,412,88
79,3,1,2024-10-31,168,82
79,1,1,2024-11-30,228,132
79,2,1,2024-12-31,366,65
79,5,2,2024-01-31,351,61
79,5,2,2024-02-29,105,141
79,2,2,2024-03-31,452,98
79,5,2,2024-04-30,132,71
79,3,2,2024-05-31,411,82
79,3,2,2024-06-30,278,146
79,2,2,2024-07-31,17,79
79,1,2,2024-08-31,143,126
79,1,2,2024-09-30,153,97
79,2,2,2024-10-31,240,87
79,2,2,2024-11-30,368,55
79,2,2,2024-12-31,165,137
79,4,3,2024-01-31,410,90
79,5,3,2024-02-29,329,66
79,2,3,2024-03-31,185,119
79,3,3,2024-04-30,422,61
79,3,3,2024-05-31,397,71
79,2,3,2024-06-30,150,97
79,5,3,2024-07-31,88,62
79,5,3,2024-08-31,232,59
79,4,3,2024-09-30,182,58
79,5,3,2024-10-31,385,74
79,2,3,2024-11-30,225,100
79,3,3,2024-12-31,33,84
80,1,1,2024-01-31,489,108
80,2,1,2024-02-29,402,116
80,4,1,2024-03-31,102,122
80,3,1,2024-04-30,459,54
80,4,1,2024-05-31,138,143
80,3,1,2024-06-30,452,50
80,5,1,2024-07-31,91,112
80,5,1,2024-08-31,209,61
80,5,1,2024-09-30,296,51
80,3,1,2024-10-31,172,129
80,3,1,2024-11-30,405,149
80,5,1,2024-12-31,313,95
80,4,2,2024-01-31,418,64
80,1,2,2024-02-29,350,91
80,2,2,2024-03-31,298,129
80,3,2,2024-04-30,432,113
80,2,2,2024-05-31,257,73
80,3,2,2024-06-30,165,80
80,5,2,2024-07-31,231,75
80,1,2,2024-08-31,194,127
80,5,2,2024-09-30,303,114
80,2,2,2024-10-31,322,139
80,5,2,2024-11-30,392,87
80,5,2,2024-12-31,248,114
80,4,3,2024-01-31,282,119
80,5,3,2024-02-29,355,77
80,2,3,2024-03-31,16,89
80,4,3,2024-04-30,243,52
80,2,3,2024-05-31,230,125
80,5,3,2024-06-30,247,95
80,3,3,2024-07-31,392,134
80,3,3,2024-08-31,68,148
80,1,3,2024-09-30,496,115
80,5,3,2024-10-31,422,143
80,4,3,2024-11-30,114,141
80,1,3,2024-12-31,30,60
81,3,1,2024-01-31,129,76
81,2,1,2024-02-29,1,70
81,5,1,2024-03-31,388,101
81,4,1,2024-04-30,340,142
81,4,1,2024-05-31,254,110
81,2,1,2024-06-30,497,74
81,2,1,2024-07-31,120,81
81,1,1,2024-08-31,453,90
81,1,1,2024-09-30,322,146
81,5,1,2024-10-31,306,54
81,1,1,2024-11-30,402,61
81,4,1,2024-12-31,312,84
81,2,2,2024-01-31,93,54
81,1,2,2024-02-29,277,126
81,3,2,2024-03-31,174,103
81,4,2,2024-04-30,379,102
81,1,2,2024-05-31,414,118
81,2,2,2024-06-30,199,137
81,2,2,2024-07-31,211,65
81,5,2,2024-08-31,371,125
81,1,2,2024-09-30,364,88
81,4,2,2024-10-31,429,145
81,2,2,2024-11-30,136,136
81,3,2,2024-12-31,76,109
81,4,3,2024-01-31,479,64
81,5,3,2024-02-29,496,112
81,1,3,2024-03-31,213,129
81,2,3,2024-04-30,329,73
81,4,3,2024-05-31,304,67
81,4,3,2024-06-30,89,118
81,3,3,2024-07-31,310,65
81,5,3,2024-08-31,473,131
81,1,3,2024-09-30,150,63
81,5,3,2024-10-31,288,74
81,1,3,2024-11-30,400,72
81,2,3,2024-12-31,490,130
82,4,1,2024-01-31,397,142
82,5,1,2024-02-29,157,68
82,5,1,2024-03-31,358,105
82,1,1,2024-04-30,465,72
82,1,1,2024-05-31,230,67
82,5,1,2024-06-30,416,81
82,3,1,2024-07-31,437,66
82,3,1,2024-08-31,218,119
82,4,1,2024-09-30,119,83
82,2,1,2024-10-31,408,117
82,5,1,2024-11-30,201,137
82,2,1,2024-12-31,10,140
82,1,2,2024-01-31,444,143
82,3,2,2024-02-29,79,56
82,4,2,2024-03-31,15,89
82,2,2,2024-04-30,290,70
82,1,2,2024-05-31,426,149
82,3,2,2024-06-30,287,90
82,2,2,2024-07-31,403,74
82,5,2,2024-08-31,136,141
82,3,2,2024-09-30,316,87
82,1,2,2024-10-31,467,119
82,5,2,2024-11-30,54,50
82,2,2,2024-12-31,197,94
82,5,3,2024-01-31,430,128
82,2,3,2024-02-29,25,63
82,2,3,2024-03-31,181,120
82,3,3,2024-04-30,30,137
82,2,3,2024-05-31,478,78
82,4,3,2024-06-30,223,66
82,5,3,2024-07-31,255,107
82,1,3,2024-08-31,190,140
82,4,3,2024-09-30,186,81
82,5,3,2024-10-31,337,67
82,4,3,2024-11-30,281,58
82,4,3,2024-12-31,226,113
83,3,1,2024-01-31,181,135
83,4,1,2024-02-29,413,102
83,3,1,2024-03-31,354,112
83,4,1,2024-04-30,286,98
83,3,1,2024-05-31,477,136
83,3,1,2024-06-30,395,64
83,5,1,2024-07-31,100,86
83,4,1,2024-08-31,113,75
83,4,1,2024-09-30,129,133
83,2,1,2024-10-31,387,135
83,3,1,2024-11-30,165,72
83,4,1,2024-12-31,89,124
83,5,2,2024-01-31,193,57
83,2,2,2024-02-29,138,67
83,3,2,2024-03-31,397,123
83,3,2,2024-04-30,392,148
83,3,2,2024-05-31,190,125
83,4,2,2024-06-30,180,88
83,1,2,2024-07-31,74,88
83,3,2,2024-08-31,20,59
83,5,2,2024-09-30,14,132
83,2,2,2024-10-31,187,145
83,5,2,2024-11-30,150,62
83,1,2,2024-12-31,259,141
83,5,3,2024-01-31,120,84
83,2,3,2024-02-29,148,107
83,3,3,2024-03-31,352,121
83,3,3,2024-04-30,240,130
83,3,3,2024-05-31,94,147
83,4,3,2024-06-30,395,149
83,2,3,2024-07-31,236,115
83,5,3,2024-08-31,398,72
83,4,3,2024-09-30,336,145
83,1,3,2024-10-31,141,93
83,3,3,2024-11-30,415,119
83,3,3,2024-12-31,343,55
84,5,1,2024-01-31,337,137
84,2,1,2024-02-29,375,73
84,3,1,2024-03-31,167,96
84,1,1,2024-04-30,213,73
84,4,1,2024-05-31,273,93
84,4,1,2024-06-30,312,77
84,5,1,2024-07-31,198,72
84,2,1,2024-08-31,161,60
84,2,1,2024-09-30,162,142
84,2,1,2024-10-31,283,131
84,2,1,2024-11-30,219,73
84,4,1,2024-12-31,117,102
84,5,2,2024-01-31,474,149
84,2,2,2024-02-29,480,98
84,2,2,2024-03-31,285,121
84,2,2,2024-04-30,440,86
84,4,2,2024-05-31,6,89
84,4,2,2024-06-30,422,111
84,2,2,2024-07-31,461,102
84,2,2,2024-08-31,485,53
84,4,2,2024-09-30,465,74
84,4,2,2024-10-31,196,116
84,3,2,2024-11-30,222,69
84,3,2,2024-12-31,239,60
84,5,3,2024-01-31,470,56
84,2,3,2024-02-29,454,83
84,1,3,2024-03-31,402,107
84,1,3,2024-04-30,303,131
84,2,3,2024-05-31,303,94
84,4,3,2024-06-30,280,127
84,3,3,2024-07-31,280,68
84,4,3,2024-08-31,103,123
84,4,3,2024-09-30,498,68
84,1,3,2024-10-31,212,127
84,3,3,2024-11-30,239,59
84,3,3,2024-12-31,285,71
85,3,1,2024-01-31,356,131
85,4,1,2024-02-29,431,51
85,3,1,2024-03-31,309,55
85,4,1,2024-04-30,250,89
85,2,1,2024-05-31,220,143
85,5,1,2024-06-30,200,51
85,2,1,2024-07-31,224,123
85,5,1,2024-08-31,235,104
85,1,1,2024-09-30,245,109
85,4,1,2024-10-31,110,55
85,3,1,2024-11-30,126,68
85,5,1,2024-12-31,256,82
85,1,2,2024-01-31,272,57
85,1,2,2024-02-29,297,147
85,3,2,2024-03-31,375,136
85,5,2,2024-04-30,241,120
85,2,2,2024-05-31,309,133
85,4,2,2024-06-30,280,116
85,2,2,2024-07-31,189,104
85,3,2,2024-08-31,301,71
85,3,2,2024-09-30,175,57
85,5,2,2024-10-31,162,98
85,2,2,2024-11-30,218,141
85,4,2,2024-12-31,351,128
85,1,3,2024-01-31,382,66
85,5,3,2024-02-29,174,101
85,4,3,2024-03-31,8,82
85,5,3,2024-04-30,112,142
85,5,3,2024-05-31,404,107
85,3,3,2024-06-30,196,59
85,1,3,2024-07-31,120,62
85,2,3,2024-08-31,275,106
85,3,3,2024-09-30,456,116
85,1,3,2024-10-31,11,59
85,1,3,2024-11-30,176,98
85,4,3,2024-12-31,10,111
86,2,1,2024-01-31,38,102
86,1,1,2024-02-29,205,105
86,5,1,2024-03-31,55,53
86,3,1,2024-04-30,285,61
86,3,1,2024-05-31,332,101
86,4,1,2024-06-30,342,117
86,5,1,2024-07-31,79,56
86,1,1,2024-08-31,330,105
86,3,1,2024-09-30,57,142
86,3,1,2024-10-31,102,61
86,2,1,2024-11-30,54,111
86,1,1,2024-12-31,231,122
86,4,2,2024-01-31,353,126
86,4,2,2024-02-29,344,73
86,5,2,2024-03-31,144,51
86,2,2,2024-04-30,414,142
86,3,2,2024-05-31,283,109
86,1,2,2024-06-30,142,144
86,4,2,2024-07-31,275,91
86,3,2,2024-08-31,356,122
86,5,2,2024-09-30,152,126
86,5,2,2024-10-31,108,80
86,5,2,2024-11-30,239,103
86,3,2,2024-12-31,140,77
86,3,3,2024-01-31,344,148
86,5,3,2024-02-29,61,88
86,1,3,2024-03-31,118,135
86,1,3,2024-04-30,51,140
86,2,3,2024-05-31,493,130
86,4,3,2024-06-30,203,76
86,3,3,2024-07-31,361,113
86,2,3,2024-08-31,253,142
86,1,3,2024-09-30,19,65
86,5,3,2024-10-31,207,68
86,2,3,2024-11-30,348,149
86,4,3,2024-12-31,414,93
87,1,1,2024-01-31,331,66
87,4,1,2024-02-29,422,91
87,2,1,2024-03-31,95,138
87,2,1,2024-04-30,462,145
87,4,1,2024-05-31,235,92
87,1,1,2024-06-30,162,147
87,2,1,2024-07-31,317,118
87,1,1,2024-08-31,143,57
87,4,1,2024-09-30,95,139
87,3,1,2024-10-31,85,80
87,1,1,2024-11-30,393,105
87,3,1,2024-12-31,331,141
87,1,2,2024-01-31,403,54
87,5,2,2024-02-29,313,108
87,3,2,2024-03-31,463,103
87,5,2,2024-04-30,275,100
87,3,2,2024-05-31,177,83
87,3,2,2024-06-30,373,82
87,2,2,2024-07-31,53,93
87,2,2,2024-08-31,241,120
87,1,2,2024-09-30,112,111
87,3,2,2024-10-31,188,52
87,2,2,2024-11-30,421,133
87,4,2,2024-12-31,112,93
87,3,3,2024-01-31,157,66
87,4,3,2024-02-29,393,148
87,4,3,2024-03-31,401,94
87,3,3,2024-04-30,218,108
87,2,3,2024-05-31,176,149
87,3,3,2024-06-30,266,119
87,2,3,2024-07-31,488,111
87,4,3,2024-08-31,483,66
87,3,3,2024-09-30,212,89
87,5,3,2024-10-31,322,131
87,3,3,2024-11-30,498,113
87,2,3,2024-12-31,302,55
88,3,1,2024-01-31,179,97
88,1,1,2024-02-29,294,98
88,1,1,2024-03-31,395,59
88,5,1,2024-04-30,48,85
88,1,1,2024-05-31,292,73
88,5,1,2024-06-30,390,130
88,1,1,2024-07-31,93,120
88,3,1,2024-08-31,454,73
88,3,1,2024-09-30,328,61
88,4,1,2024-10-31,446,117
88,5,1,2024-11-30,219,106
88,2,1,2024-12-31,22,132
88,1,2,2024-01-31,228,88
88,3,2,2024-02-29,395,83
88,5,2,2024-03-31,158,142
88,1,2,2024-04-30,30,51
88,4,2,2024-05-31,74,83
88,2,2,2024-06-30,330,78
88,5,2,2024-07-31,15,88
88,5,2,2024-08-31,292,130
88,5,2,2024-09-30,427,68
88,1,2,2024-10-31,228,115
88,5,2,2024-11-30,202,137
88,1,2,2024-12-31,25,120
88,3,3,2024-01-31,102,132
88,3,3,2024-02-29,156,115
88,1,3,2024-03-31,323,107
88,5,3,2024-04-30,312,86
88,1,3,2024-05-31,91,79
88,1,3,2024-06-30,152,146
88,2,3,2024-07-31,114,55
88,3,3,2024-08-31,9,141
88,5,3,2024-09-30,480,114
88,1,3,2024-10-31,356,133
88,2,3,2024-11-30,51,116
88,3,3,2024-12-31,488,127
89,5,1,2024-01-31,400,104
89,5,1,2024-02-29,419,75
89,5,1,2024-03-31,144,135
89,5,1,2024-04-30,152,51
89,4,1,2024-05-31,259,85
89,5,1,2024-06-30,148,126
89,4,1,2024-07-31,88,75
89,4,1,2024-08-31,160,63
89,4,1,2024-09-30,336,70
89,3,1,2024-10-31,412,141
89,1,1,2024-11-30,472,68
89,4,1,2024-12-31,65,128
89,1,2,2024-01-31,201,131
89,1,2,2024-02-29,90,62
89,5,2,2024-03-31,388,139
89,3,2,2024-04-30,410,127
89,1,2,2024-05-31,238,112
89,4,2,2024-06-30,93,148
89,5,2,2024-07-31,155,93
89,1,2,2024-08-31,426,66
89,4,2,2024-09-30,340,106
89,1,2,2024-10-31,447,124
89,2,2,2024-11-30,120,147
89,4,2,2024-12-31,329,119
89,3,3,2024-01-31,215,125
89,3,3,2024-02-29,374,72
89,1,3,2024-03-31,185,86
89,1,3,2024-04-30,389,99
89,5,3,2024-05-31,87,74
89,3,3,2024-06-30,78,139
89,5,3,2024-07-31,215,97
89,2,3,2024-08-31,453,148
89,4,3,2024-09-30,192,109
89,3,3,2024-10-31,441,125
89,2,3,2024-11-30,267,91
89,3,3,2024-12-31,38,120
90,1,1,2024-01-31,291,101
90,1,1,2024-02-29,140,67
90,1,1,2024-03-31,313,105
90,5,1,2024-04-30,127,80
90,4,1,2024-05-31,488,59
90,3,1,2024-06-30,385,64
90,3,1,2024-07-31,298,80
90,3,1,2024-08-31,55,112
90,2,1,2024-09-30,270,141
90,1,1,2024-10-31,421,96
90,2,1,2024-11-30,49,120
90,2,1,2024-12-31,81,137
90,2,2,2024-01-31,359,133
90,2,2,2024-02-29,42,75
90,1,2,2024-03-31,132,60
90,3,2,2024-04-30,289,50
90,4,2,2024-05-31,385,134
90,5,2,2024-06-30,60,136
90,4,2,2024-07-31,87,117
90,2,2,2024-08-31,277,69
90,1,2,2024-09-30,128,79
90,4,2,2024-10-31,279,63
90,4,2,2024-11-30,452,124
90,5,2,2024-12-31,350,104
90,5,3,2024-01-31,207,73
90,2,3,2024-02-29,151,103
90,1,3,2024-03-31,193,129
90,3,3,2024-04-30,496,124
90,5,3,2024-05-31,162,92
90,2,3,2024-06-30,164,130
90,2,3,2024-07-31,53,88
90,3,3,2024-08-31,411,78
90,3,3,2024-09-30,386,59
90,4,3,2024-10-31,489,63
90,2,3,2024-11-30,430,91
90,3,3,2024-12-31,415,75
91,5,1,2024-01-31,384,105
91,1,1,2024-02-29,121,51
91,4,1,2024-03-31,157,120
91,2,1,2024-04-30,90,58
91,1,1,2024-05-31,109,98
91,5,1,2024-06-30,72,133
91,4,1,2024-07-31,466,149
91,4,1,2024-08-31,167,94
91,2,1,2024-09-30,392,71
91,1,1,2024-10-31,203,92
91,5,1,2024-11-30,133,132
91,3,1,2024-12-31,271,50
91,5,2,2024-01-31,36,132
91,2,2,2024-02-29,124,130
91,5,2,2024-03-31,213,111
91,2,2,2024-04-30,380,82
91,4,2,2024-05-31,285,69
91,4,2,2024-06-30,81,123
91,5,2,2024-07-31,36,53
91,2,2,2024-08-31,88,126
91,2,2,2024-09-30,252,137
91,2,2,2024-10-31,175,82
91,4,2,2024-11-30,466,122
91,1,2,2024-12-31,34,59
91,1,3,2024-01-31,41,134
91,3,3,2024-02-29,187,64
91,1,3,2024-03-31,440,118
91,1,3,2024-04-30,405,113
91,4,3,2024-05-31,214,120
91,1,3,2024-06-30,280,140
91,1,3,2024-07-31,389,83
91,1,3,2024-08-31,59,98
91,5,3,2024-09-30,306,109
91,1,3,2024-10-31,286,147
91,2,3,2024-11-30,61,142
91,4,3,2024-12-31,13,85
92,2,1,2024-01-31,244,128
92,5,1,2024-02-29,35,97
92,4,1,2024-03-31,27,117
92,2,1,2024-04-30,463,100
92,2,1,2024-05-31,100,78
92,2,1,2024-06-30,9,88
92,5,1,2024-07-31,256,88
92,4,1,2024-08-31,64,64
92,4,1,2024-09-30,187,110
92,1,1,2024-10-31,137,136
92,1,1,2024-11-30,33,97
92,2,1,2024-12-31,353,110
92,1,2,2024-01-31,181,133
92,5,2,2024-02-29,332,50
92,1,2,2024-03-31,79,64
92,5,2,2024-04-30,27,144
92,1,2,2024-05-31,106,66
92,3,2,2024-06-30,353,62
92,3,2,2024-07-31,283,91
92,1,2,2024-08-31,316,113
92,2,2,2024-09-30,494,122
92,5,2,2024-10-31,7,70
92,5,2,2024-11-30,314,99
92,1,2,2024-12-31,197,79
92,1,3,2024-01-31,458,69
92,1,3,2024-02-29,129,86
92,2,3,2024-03-31,131,149
92,1,3,2024-04-30,280,52
92,4,3,2024-05-31,469,136
92,3,3,2024-06-30,457,83
92,2,3,2024-07-31,73,143
92,2,3,2024-08-31,129,143
92,4,3,2024-09-30,31,65
92,2,3,2024-10-31,0,121
92,5,3,2024-11-30,396,64
92,2,3,2024-12-31,427,57
93,2,1,2024-01-31,45,118
93,3,1,2024-02-29,146,87
93,4,1,2024-03-31,138,92
93,2,1,2024-04-30,403,70
93,2,1,2024-05-31,312,99
93,1,1,2024-06-30,353,75
93,2,1,2024-07-31,365,80
93,5,1,2024-08-31,246,117
93,4,1,2024-09-30,444,119
93,3,1,2024-10-31,89,66
93,5,1,2024-11-30,178,119
93,1,1,2024-12-31,330,129
93,2,2,2024-01-31,103,124
93,1,2,2024-02-29,55,71
93,2,2,2024-03-31,18,80
93,4,2,2024-04-30,425,90
93,5,2,2024-05-31,22,96
93,2,2,2024-06-30,216,115
93,4,2,2024-07-31,143,122
93,1,2,2024-08-31,76,84
93,5,2,2024-09-30,460,80
93,2,2,2024-10-31,415,103
93,1,2,2024-11-30,455,108
93,2,2,2024-12-31,111,115
93,1,3,2024-01-31,155,86
93,4,3,2024-02-29,192,123
93,3,3,2024-03-31,354,59
93,4,3,2024-04-30,269,87
93,3,3,2024-05-31,44,66
93,5,3,2024-06-30,449,124
93,5,3,2024-07-31,168,116
93,2,3,2024-08-31,273,69
93,2,3,2024-09-30,432,103
93,2,3,2024-10-31,103,91
93,1,3,2024-11-30,127,131
93,4,3,2024-12-31,446,68
94,3,1,2024-01-31,135,144
94,1,1,2024-02-29,450,135
94,3,1,2024-03-31,227,66
94,5,1,2024-04-30,8,111
94,3,1,2024-05-31,459,86
94,5,1,2024-06-30,275,84
94,4,1,2024-07-31,174,124
94,3,1,2024-08-31,135,53
94,4,1,2024-09-30,171,89
94,5,1,2024-10-31,47,140
94,4,1,2024-11-30,435,133
94,5,1,2024-12-31,323,60
94,4,2,2024-01-31,380,122
94,5,2,2024-02-29,75,122
94,2,2,2024-03-31,303,75
94,4,2,2024-04-30,332,88
94,3,2,2024-05-31,313,68
94,5,2,2024-06-30,368,126
94,5,2,2024-07-31,441,77
94,5,2,2024-08-31,65,59
94,1,2,2024-09-30,57,122
94,1,2,2024-10-31,141,133
94,5,2,2024-11-30,400,73
94,2,2,2024-12-31,445,96
94,3,3,2024-01-31,208,145
94,5,3,2024-02-29,263,52
94,3,3,2024-03-31,267,133
94,3,3,2024-04-30,176,112
94,1,3,2024-05-31,48,100
94,4,3,2024-06-30,285,108
94,4,3,2024-07-31,14,131
94,1,3,2024-08-31,278,127
94,4,3,2024-09-30,300,111
94,1,3,2024-10-31,233,95
94,3,3,2024-11-30,245,93
94,1,3,2024-12-31,156,144
95,1,1,2024-01-31,51,103
95,4,1,2024-02-29,338,115
95,1,1,2024-03-31,32,121
95,2,1,2024-04-30,45,122
95,5,1,2024-05-31,312,136
95,1,1,2024-06-30,54,110
95,5,1,2024-07-31,7,65
95,1,1,2024-08-31,115,110
95,4,1,2024-09-30,149,52
95,3,1,2024-10-31,209,131
95,1,1,2024-11-30,9,98
95,3,1,2024-12-31,218,106
95,3,2,2024-01-31,458,54
95,3,2,2024-02-29,56,142
95,4,2,2024-03-31,110,125
95,1,2,2024-04-30,420,52
95,2,2,2024-05-31,121,90
95,3,2,2024-06-30,129,72
95,1,2,2024-07-31,468,65
95,3,2,2024-08-31,12,77
95,4,2,2024-09-30,306,113
95,4,2,2024-10-31,208,87
95,3,2,2024-11-30,192,67
95,5,2,2024-12-31,392,62
95,4,3,2024-01-31,206,92
95,1,3,2024-02-29,109,117
95,3,3,2024-03-31,151,85
95,4,3,2024-04-30,127,59
95,4,3,2024-05-31,147,124
95,4,3,2024-06-30,189,67
95,4,3,2024-07-31,495,112
95,5,3,2024-08-31,24,61
95,1,3,2024-09-30,280,60
95,1,3,2024-10-31,125,99
95,1,3,2024-11-30,354,145
95,1,3,2024-12-31,13,50
96,5,1,2024-01-31,280,108
96,3,1,2024-02-29,388,148
96,2,1,2024-03-31,278,58
96,2,1,2024-04-30,143,82
96,2,1,2024-05-31,13,50
96,2,1,2024-06-30,185,138
96,5,1,2024-07-31,430,93
96,3,1,2024-08-31,151,104
96,2,1,2024-09-30,71,83
96,3,1,2024-10-31,282,123
96,4,1,2024-11-30,214,121
96,5,1,2024-12-31,22,117
96,1,2,2024-01-31,361,142
96,1,2,2024-02-29,323,112
96,1,2,2024-03-31,368,139
96,4,2,2024-04-30,102,136
96,4,2,2024-05-31,206,62
96,5,2,2024-06-30,193,68
96,3,2,2024-07-31,87,60
96,2,2,2024-08-31,213,64
96,4,2,2024-09-30,296,76
96,4,2,2024-10-31,72,101
96,4,2,2024-11-30,64,66
96,5,2,2024-12-31,137,112
96,2,3,2024-01-31,253,142
96,1,3,2024-02-29,430,87
96,5,3,2024-03-31,69,125
96,2,3,2024-04-30,461,93
96,2,3,2024-05-31,53,69
96,2,3,2024-06-30,104,59
96,4,3,2024-07-31,495,88
96,3,3,2024-08-31,157,86
96,5,3,2024-09-30,241,92
96,4,3,2024-10-31,307,105
96,2,3,2024-11-30,323,58
96,5,3,2024-12-31,380,141
97,4,1,2024-01-31,316,89
97,3,1,2024-02-29,469,73
97,1,1,2024-03-31,441,139
97,1,1,2024-04-30,15,71
97,2,1,2024-05-31,56,111
97,2,1,2024-06-30,362,131
97,2,1,2024-07-31,89,121
97,5,1,2024-08-31,234,106
97,1,1,2024-09-30,264,80
97,3,1,2024-10-31,268,107
97,5,1,2024-11-30,290,146
97,4,1,2024-12-31,319,144
97,1,2,2024-01-31,289,145
97,5,2,2024-02-29,162,64
97,4,2,2024-03-31,468,146
97,4,2,2024-04-30,82,146
97,2,2,2024-05-31,222,134
97,3,2,2024-06-30,191,128
97,4,2,2024-07-31,106,64
97,2,2,2024-08-31,72,133
97,2,2,2024-09-30,421,75
97,1,2,2024-10-31,91,100
97,3,2,2024-11-30,479,102
97,4,2,2024-12-31,197,127
97,5,3,2024-01-31,185,137
97,4,3,2024-02-29,12,92
97,5,3,2024-03-31,50,68
97,2,3,2024-04-30,218,132
97,2,3,2024-05-31,172,77
97,2,3,2024-06-30,491,149
97,4,3,2024-07-31,412,66
97,3,3,2024-08-31,43,110
97,2,3,2024-09-30,348,117
97,3,3,2024-10-31,408,144
97,1,3,2024-11-30,110,51
97,2,3,2024-12-31,88,98
98,3,1,2024-01-31,199,148
98,1,1,2024-02-29,88,67
98,4,1,2024-03-31,188,52
98,3,1,2024-04-30,296,86
98,2,1,2024-05-31,270,57
98,2,1,2024-06-30,338,105
98,1,1,2024-07-31,358,59
98,5,1,2024-08-31,168,132
98,3,1,2024-09-30,374,144
98,2,1,2024-10-31,286,101
98,2,1,2024-11-30,230,137
98,5,1,2024-12-31,22,97
98,1,2,2024-01-31,295,55
98,3,2,2024-02-29,355,76
98,1,2,2024-03-31,324,106
98,3,2,2024-04-30,243,120
98,5,2,2024-05-31,46,128
98,4,2,2024-06-30,394,139
98,1,2,2024-07-31,279,142
98,1,2,2024-08-31,233,53
98,3,2,2024-09-30,45,67
98,5,2,2024-10-31,207,82
98,1,2,2024-11-30,102,59
98,4,2,2024-12-31,186,80
98,2,3,2024-01-31,59,52
98,2,3,2024-02-29,216,64
98,4,3,2024-03-31,23,127
98,3,3,2024-04-30,113,73
98,3,3,2024-05-31,164,143
98,2,3,2024-06-30,166,112
98,5,3,2024-07-31,64,53
98,3,3,2024-08-31,248,50
98,3,3,2024-09-30,305,135
98,1,3,2024-10-31,73,108
98,2,3,2024-11-30,163,105
98,5,3,2024-12-31,239,70
99,3,1,2024-01-31,264,60
99,5,1,2024-02-29,69,50
99,5,1,2024-03-31,213,105
99,2,1,2024-04-30,174,140
99,2,1,2024-05-31,499,127
99,4,1,2024-06-30,324,107
99,2,1,2024-07-31,287,147
99,2,1,2024-08-31,47,123
99,5,1,2024-09-30,336,79
99,1,1,2024-10-31,59,62
99,1,1,2024-11-30,64,82
99,3,1,2024-12-31,409,126
99,5,2,2024-01-31,475,82
99,1,2,2024-02-29,382,90
99,1,2,2024-03-31,432,97
99,1,2,2024-04-30,430,105
99,1,2,2024-05-31,267,118
99,1,2,2024-06-30,448,74
99,1,2,2024-07-31,159,52
99,3,2,2024-08-31,146,109
99,2,2,2024-09-30,412,99
99,1,2,2024-10-31,328,105
99,5,2,2024-11-30,443,85
99,4,2,2024-12-31,272,98
99,2,3,2024-01-31,443,69
99,1,3,2024-02-29,130,92
99,1,3,2024-03-31,49,117
99,2,3,2024-04-30,177,86
99,3,3,2024-05-31,270,82
99,5,3,2024-06-30,246,69
99,2,3,2024-07-31,191,129
99,1,3,2024-08-31,64,137
99,1,3,2024-09-30,213,125
99,4,3,2024-10-31,381,138
99,3,3,2024-11-30,60,64
99,2,3,2024-12-31,26,135
100,3,1,2024-01-31,60,107
100,1,1,2024-02-29,11,95
100,5,1,2024-03-31,236,148
100,5,1,2024-04-30,316,95
100,4,1,2024-05-31,457,129
100,1,1,2024-06-30,474,101
100,4,1,2024-07-31,158,124
100,1,1,2024-08-31,291,103
100,3,1,2024-09-30,492,124
100,5,1,2024-10-31,360,71
100,5,1,2024-11-30,42,76
100,4,1,2024-12-31,301,84
100,5,2,2024-01-31,335,129
100,3,2,2024-02-29,409,149
100,5,2,2024-03-31,121,130
100,2,2,2024-04-30,153,71
100,1,2,2024-05-31,62,77
100,3,2,2024-06-30,427,149
100,1,2,2024-07-31,420,115
100,5,2,2024-08-31,167,87
100,5,2,2024-09-30,444,58
100,3,2,2024-10-31,458,110
100,3,2,2024-11-30,1,121
100,5,2,2024-12-31,125,91
100,3,3,2024-01-31,312,130
100,3,3,2024-02-29,157,62
100,3,3,2024-03-31,6,58
100,2,3,2024-04-30,492,103
100,2,3,2024-05-31,60,136
100,1,3,2024-06-30,177,124
100,3,3,2024-07-31,461,129
100,5,3,2024-08-31,416,56
100,4,3,2024-09-30,175,96
100,3,3,2024-10-31,436,129
100,3,3,2024-11-30,336,139
100,2,3,2024-12-31,304,122
