OrderID,ProductID,SupplierID,WarehouseID,Quantity,OrderDate,PlannedDeliveryDate,ActualDeliveryDate
1,81,4,3,63,2024-06-30,2024-07-09,2024-07-09
2,100,3,3,67,2024-08-31,2024-09-11,2024-09-09
3,17,2,3,54,2024-12-31,2025-01-05,2025-01-07
4,83,5,2,180,2024-04-30,2024-05-07,2024-05-09
5,44,2,3,78,2024-04-30,2024-05-14,2024-05-15
6,53,4,3,190,2024-04-30,2024-05-05,2024-05-06
7,67,2,3,193,2024-07-31,2024-08-06,2024-08-04
8,35,5,2,68,2024-12-31,2025-01-05,2025-01-05
9,67,5,3,38,2024-09-30,2024-10-05,2024-10-06
10,61,5,2,99,2024-04-30,2024-05-05,2024-05-08
11,91,1,2,185,2024-03-31,2024-04-11,2024-04-13
12,23,4,1,180,2024-05-31,2024-06-14,2024-06-12
13,99,3,1,38,2024-07-31,2024-08-07,2024-08-05
14,61,3,2,186,2024-06-30,2024-07-05,2024-07-03
15,14,4,1,86,2024-06-30,2024-07-05,2024-07-06
16,55,3,2,176,2024-01-31,2024-02-05,2024-02-07
17,69,1,2,106,2024-04-30,2024-05-14,2024-05-13
18,41,5,3,196,2024-02-29,2024-03-08,2024-03-07
19,49,4,3,96,2024-01-31,2024-02-06,2024-02-04
20,69,3,1,197,2024-07-31,2024-08-12,2024-08-15
21,61,4,2,105,2024-08-31,2024-09-09,2024-09-07
22,69,1,1,189,2024-04-30,2024-05-06,2024-05-08
23,33,1,1,47,2024-02-29,2024-03-14,2024-03-13
24,1,4,3,63,2024-10-31,2024-11-05,2024-11-03
25,72,4,1,182,2024-07-31,2024-08-12,2024-08-11
26,87,2,2,40,2024-04-30,2024-05-14,2024-05-15
27,65,2,1,140,2024-12-31,2025-01-07,2025-01-06
28,9,2,3,25,2024-08-31,2024-09-06,2024-09-09
29,3,2,1,161,2024-09-30,2024-10-06,2024-10-08
30,19,1,3,159,2024-11-30,2024-12-05,2024-12-07
31,39,4,2,18,2024-09-30,2024-10-13,2024-10-11
32,2,3,2,29,2024-10-31,2024-11-13,2024-11-12
33,93,1,1,103,2024-04-30,2024-05-07,2024-05-07
34,82,2,1,174,2024-09-30,2024-10-05,2024-10-05
35,45,4,2,137,2024-10-31,2024-11-12,2024-11-15
36,99,5,3,42,2024-07-31,2024-08-12,2024-08-10
37,38,4,2,28,2024-04-30,2024-05-08,2024-05-11
38,33,2,2,77,2024-11-30,2024-12-08,2024-12-06
39,19,5,2,18,2024-09-30,2024-10-13,2024-10-13
40,17,4,1,54,2024-08-31,2024-09-06,2024-09-08
41,33,1,2,50,2024-07-31,2024-08-09,2024-08-09
42,80,2,1,91,2024-01-31,2024-02-07,2024-02-10
43,61,3,2,34,2024-10-31,2024-11-09,2024-11-09
44,82,2,1,104,2024-01-31,2024-02-06,2024-02-08
45,57,1,3,87,2024-11-30,2024-12-09,2024-12-07
46,32,3,1,153,2024-12-31,2025-01-05,2025-01-07
47,64,3,1,22,2024-08-31,2024-09-12,2024-09-14
48,12,1,3,42,2024-09-30,2024-10-10,2024-10-09
49,56,4,1,187,2024-07-31,2024-08-08,2024-08-10
50,17,2,2,76,2024-05-31,2024-06-07,2024-06-10
51,61,3,2,147,2024-09-30,2024-10-13,2024-10-12
52,55,5,1,95,2024-01-31,2024-02-11,2024-02-14
53,100,1,1,189,2024-02-29,2024-03-12,2024-03-11
54,86,3,1,145,2024-11-30,2024-12-05,2024-12-03
55,12,4,1,104,2024-09-30,2024-10-11,2024-10-13
56,69,1,2,82,2024-06-30,2024-07-13,2024-07-13
57,80,5,2,19,2024-05-31,2024-06-12,2024-06-12
58,82,4,2,19,2024-01-31,2024-02-09,2024-02-11
59,1,3,3,172,2024-08-31,2024-09-07,2024-09-09
60,30,2,3,180,2024-01-31,2024-02-10,2024-02-08
61,29,2,1,156,2024-03-31,2024-04-08,2024-04-08
62,15,1,1,124,2024-10-31,2024-11-08,2024-11-06
63,84,5,1,14,2024-05-31,2024-06-11,2024-06-14
64,68,4,3,184,2024-06-30,2024-07-08,2024-07-11
65,83,1,1,86,2024-07-31,2024-08-10,2024-08-09
66,95,5,3,36,2024-06-30,2024-07-14,2024-07-13
67,61,5,3,59,2024-12-31,2025-01-07,2025-01-05
68,40,5,2,49,2024-06-30,2024-07-11,2024-07-11
69,81,3,3,197,2024-08-31,2024-09-10,2024-09-11
70,75,1,2,139,2024-06-30,2024-07-09,2024-07-11
71,90,3,3,37,2024-08-31,2024-09-12,2024-09-13
72,56,2,3,129,2024-03-31,2024-04-06,2024-04-04
73,66,1,1,75,2024-10-31,2024-11-05,2024-11-06
74,76,1,1,47,2024-01-31,2024-02-14,2024-02-16
75,46,1,1,27,2024-06-30,2024-07-06,2024-07-07
76,80,5,3,52,2024-12-31,2025-01-13,2025-01-11
77,50,3,1,22,2024-07-31,2024-08-10,2024-08-12
78,22,1,1,57,2024-05-31,2024-06-14,2024-06-14
79,74,3,1,80,2024-03-31,2024-04-14,2024-04-13
80,70,4,1,181,2024-12-31,2025-01-12,2025-01-15
81,23,3,2,95,2024-05-31,2024-06-05,2024-06-05
82,19,5,1,13,2024-10-31,2024-11-07,2024-11-07
83,52,1,3,37,2024-06-30,2024-07-10,2024-07-08
84,87,1,3,33,2024-05-31,2024-06-13,2024-06-12
85,77,4,1,110,2024-12-31,2025-01-06,2025-01-07
86,27,3,2,130,2024-07-31,2024-08-05,2024-08-05
87,60,2,1,65,2024-05-31,2024-06-06,2024-06-04
88,39,5,3,116,2024-02-29,2024-03-05,2024-03-04
89,39,2,2,103,2024-12-31,2025-01-07,2025-01-07
90,61,4,1,77,2024-09-30,2024-10-08,2024-10-07
91,95,4,2,175,2024-05-31,2024-06-05,2024-06-05
92,86,1,2,114,2024-03-31,2024-04-14,2024-04-16
93,35,3,2,193,2024-03-31,2024-04-10,2024-04-09
94,7,5,1,51,2024-09-30,2024-10-11,2024-10-12
95,40,3,3,174,2024-02-29,2024-03-14,2024-03-16
96,95,2,1,193,2024-12-31,2025-01-13,2025-01-16
97,92,4,2,123,2024-02-29,2024-03-08,2024-03-06
98,7,2,3,144,2024-09-30,2024-10-12,2024-10-12
99,17,2,3,119,2024-02-29,2024-03-08,2024-03-11
100,4,1,2,175,2024-10-31,2024-11-14,2024-11-12
101,88,4,3,40,2024-06-30,2024-07-07,2024-07-07
102,18,5,2,121,2024-01-31,2024-02-13,2024-02-13
103,35,4,1,44,2024-12-31,2025-01-11,2025-01-13
104,9,4,3,30,2024-04-30,2024-05-07,2024-05-06
105,97,3,3,64,2024-07-31,2024-08-05,2024-08-05
106,93,1,3,101,2024-11-30,2024-12-12,2024-12-15
107,11,3,3,10,2024-07-31,2024-08-05,2024-08-03
108,96,1,1,35,2024-07-31,2024-08-08,2024-08-11
109,97,4,3,169,2024-06-30,2024-07-08,2024-07-08
110,81,4,3,138,2024-02-29,2024-03-09,2024-03-07
111,84,4,1,118,2024-12-31,2025-01-12,2025-01-15
112,33,3,3,38,2024-06-30,2024-07-12,2024-07-11
113,54,1,1,186,2024-01-31,2024-02-05,2024-02-06
114,45,4,2,64,2024-03-31,2024-04-06,2024-04-07
115,19,2,3,120,2024-08-31,2024-09-10,2024-09-10
116,80,2,3,101,2024-07-31,2024-08-14,2024-08-17
117,71,4,1,33,2024-04-30,2024-05-11,2024-05-12
118,93,4,1,64,2024-10-31,2024-11-07,2024-11-06
119,37,3,2,124,2024-05-31,2024-06-07,2024-06-07
120,43,5,1,130,2024-09-30,2024-10-09,2024-10-07
121,77,5,1,100,2024-11-30,2024-12-12,2024-12-13
122,64,2,1,102,2024-03-31,2024-04-10,2024-04-12
123,95,1,2,158,2024-12-31,2025-01-06,2025-01-05
124,41,2,2,140,2024-03-31,2024-04-08,2024-04-06
125,84,1,2,115,2024-11-30,2024-12-05,2024-12-04
126,23,4,1,11,2024-08-31,2024-09-06,2024-09-04
127,78,4,1,150,2024-04-30,2024-05-07,2024-05-08
128,72,2,2,40,2024-06-30,2024-07-14,2024-07-15
129,21,2,2,32,2024-03-31,2024-04-08,2024-04-07
130,29,1,3,183,2024-02-29,2024-03-09,2024-03-10
131,61,5,3,79,2024-11-30,2024-12-06,2024-12-06
132,93,1,3,30,2024-03-31,2024-04-06,2024-04-09
133,10,3,3,154,2024-01-31,2024-02-14,2024-02-13
134,26,3,1,71,2024-05-31,2024-06-07,2024-06-05
135,72,4,3,92,2024-09-30,2024-10-13,2024-10-14
136,63,5,1,188,2024-06-30,2024-07-12,2024-07-13
137,5,1,2,48,2024-07-31,2024-08-08,2024-08-09
138,4,3,1,193,2024-09-30,2024-10-06,2024-10-06
139,7,1,1,93,2024-10-31,2024-11-11,2024-11-10
140,75,2,1,35,2024-02-29,2024-03-11,2024-03-09
141,86,2,2,133,2024-10-31,2024-11-14,2024-11-16
142,57,3,1,197,2024-09-30,2024-10-06,2024-10-07
143,73,4,3,106,2024-07-31,2024-08-10,2024-08-09
144,80,4,2,159,2024-04-30,2024-05-10,2024-05-09
145,75,5,3,61,2024-10-31,2024-11-05,2024-11-06
146,90,2,2,98,2024-08-31,2024-09-08,2024-09-09
147,71,2,3,66,2024-10-31,2024-11-08,2024-11-07
148,90,5,2,23,2024-10-31,2024-11-10,2024-11-10
149,42,1,2,31,2024-04-30,2024-05-07,2024-05-06
150,39,1,3,153,2024-06-30,2024-07-13,2024-07-12
151,23,5,1,148,2024-07-31,2024-08-13,2024-08-14
152,25,5,3,130,2024-04-30,2024-05-07,2024-05-06
153,9,4,2,14,2024-05-31,2024-06-08,2024-06-11
154,5,3,1,18,2024-06-30,2024-07-14,2024-07-13
155,61,3,2,143,2024-01-31,2024-02-09,2024-02-08
156,70,3,3,72,2024-09-30,2024-10-07,2024-10-06
157,4,3,3,189,2024-03-31,2024-04-14,2024-04-13
158,36,3,2,25,2024-11-30,2024-12-09,2024-12-09
159,98,1,3,122,2024-09-30,2024-10-05,2024-10-08
160,54,3,2,108,2024-11-30,2024-12-05,2024-12-06
161,28,2,2,113,2024-03-31,2024-04-11,2024-04-12
162,57,1,1,60,2024-11-30,2024-12-09,2024-12-07
163,47,1,3,92,2024-05-31,2024-06-14,2024-06-15
164,33,1,1,198,2024-10-31,2024-11-14,2024-11-15
165,70,1,2,46,2024-02-29,2024-03-14,2024-03-12
166,80,5,1,169,2024-08-31,2024-09-10,2024-09-10
167,35,1,2,174,2024-10-31,2024-11-09,2024-11-08
168,81,1,3,43,2024-07-31,2024-08-14,2024-08-15
169,7,5,1,21,2024-01-31,2024-02-08,2024-02-07
170,83,2,3,21,2024-05-31,2024-06-14,2024-06-16
171,58,5,2,43,2024-07-31,2024-08-07,2024-08-05
172,90,3,1,68,2024-11-30,2024-12-10,2024-12-10
173,6,4,3,97,2024-05-31,2024-06-11,2024-06-09
174,93,5,3,78,2024-04-30,2024-05-10,2024-05-09
175,99,1,2,123,2024-08-31,2024-09-12,2024-09-11
176,13,5,3,46,2024-05-31,2024-06-09,2024-06-09
177,63,3,3,133,2024-12-31,2025-01-06,2025-01-05
178,36,1,2,57,2024-08-31,2024-09-05,2024-09-03
179,8,5,2,168,2024-11-30,2024-12-14,2024-12-15
180,48,4,3,83,2024-07-31,2024-08-08,2024-08-10
181,48,1,3,125,2024-06-30,2024-07-14,2024-07-17
182,75,5,2,102,2024-09-30,2024-10-08,2024-10-07
183,83,1,1,106,2024-02-29,2024-03-12,2024-03-10
184,7,3,3,143,2024-02-29,2024-03-07,2024-03-07
185,76,5,2,51,2024-12-31,2025-01-09,2025-01-08
186,20,2,1,46,2024-12-31,2025-01-14,2025-01-14
187,40,2,2,50,2024-07-31,2024-08-14,2024-08-12
188,62,5,1,53,2024-06-30,2024-07-10,2024-07-10
189,19,3,3,96,2024-10-31,2024-11-06,2024-11-05
190,13,2,2,76,2024-10-31,2024-11-11,2024-11-11
191,55,1,3,67,2024-12-31,2025-01-08,2025-01-06
192,24,1,2,174,2024-05-31,2024-06-07,2024-06-09
193,80,4,1,109,2024-08-31,2024-09-11,2024-09-14
194,70,5,2,118,2024-10-31,2024-11-06,2024-11-08
195,4,3,1,123,2024-05-31,2024-06-13,2024-06-12
196,48,4,1,126,2024-01-31,2024-02-10,2024-02-11
197,72,2,1,151,2024-11-30,2024-12-08,2024-12-06
198,74,1,2,156,2024-11-30,2024-12-13,2024-12-15
199,29,3,1,33,2024-09-30,2024-10-08,2024-10-11
200,37,5,2,101,2024-06-30,2024-07-13,2024-07-14
201,81,3,1,61,2024-09-30,2024-10-06,2024-10-06
202,30,2,2,148,2024-11-30,2024-12-12,2024-12-12
203,39,3,2,86,2024-08-31,2024-09-07,2024-09-08
204,49,4,2,181,2024-12-31,2025-01-13,2025-01-14
205,51,5,2,33,2024-03-31,2024-04-07,2024-04-08
206,9,3,2,177,2024-11-30,2024-12-12,2024-12-14
207,53,2,3,54,2024-10-31,2024-11-11,2024-11-13
208,6,5,1,27,2024-07-31,2024-08-10,2024-08-10
209,1,4,3,53,2024-03-31,2024-04-11,2024-04-11
210,60,2,3,17,2024-11-30,2024-12-13,2024-12-13
211,96,5,2,105,2024-10-31,2024-11-10,2024-11-10
212,58,4,3,132,2024-05-31,2024-06-05,2024-06-07
213,54,3,1,17,2024-09-30,2024-10-12,2024-10-13
214,78,5,3,137,2024-11-30,2024-12-08,2024-12-11
215,27,5,1,114,2024-12-31,2025-01-13,2025-01-12
216,61,4,2,183,2024-08-31,2024-09-05,2024-09-04
217,7,1,3,64,2024-09-30,2024-10-12,2024-10-10
218,58,3,1,153,2024-08-31,2024-09-11,2024-09-13
219,95,1,2,23,2024-11-30,2024-12-09,2024-12-12
220,53,3,3,89,2024-03-31,2024-04-10,2024-04-08
221,44,2,1,196,2024-10-31,2024-11-10,2024-11-08
222,47,5,2,54,2024-12-31,2025-01-13,2025-01-14
223,13,3,1,80,2024-08-31,2024-09-09,2024-09-07
224,78,2,1,177,2024-05-31,2024-06-05,2024-06-06
225,34,4,1,170,2024-07-31,2024-08-05,2024-08-03
226,3,4,3,88,2024-06-30,2024-07-14,2024-07-17
227,93,3,3,15,2024-01-31,2024-02-09,2024-02-10
228,22,5,1,94,2024-03-31,2024-04-06,2024-04-06
229,56,2,3,78,2024-12-31,2025-01-13,2025-01-15
230,82,3,3,78,2024-03-31,2024-04-11,2024-04-13
231,37,2,2,17,2024-09-30,2024-10-08,2024-10-10
232,31,5,1,152,2024-05-31,2024-06-07,2024-06-05
233,43,1,1,194,2024-10-31,2024-11-08,2024-11-10
234,84,2,1,161,2024-04-30,2024-05-09,2024-05-12
235,30,3,3,45,2024-06-30,2024-07-08,2024-07-11
236,23,4,1,181,2024-11-30,2024-12-05,2024-12-07
237,15,2,3,72,2024-04-30,2024-05-11,2024-05-13
238,53,4,3,190,2024-09-30,2024-10-12,2024-10-13
239,43,5,2,13,2024-05-31,2024-06-09,2024-06-09
240,92,1,2,141,2024-02-29,2024-03-07,2024-03-06
241,21,3,1,91,2024-12-31,2025-01-09,2025-01-07
242,84,4,2,91,2024-03-31,2024-04-07,2024-04-05
243,100,1,1,72,2024-07-31,2024-08-11,2024-08-10
244,69,3,3,165,2024-03-31,2024-04-10,2024-04-11
245,88,5,3,54,2024-11-30,2024-12-09,2024-12-07
246,9,1,2,74,2024-03-31,2024-04-14,2024-04-16
247,31,2,3,39,2024-10-31,2024-11-12,2024-11-13
248,89,3,1,193,2024-09-30,2024-10-14,2024-10-15
249,47,5,1,138,2024-02-29,2024-03-14,2024-03-14
250,62,4,2,36,2024-05-31,2024-06-05,2024-06-06
251,92,1,3,124,2024-02-29,2024-03-08,2024-03-09
252,34,5,1,69,2024-10-31,2024-11-11,2024-11-11
253,22,5,1,175,2024-03-31,2024-04-07,2024-04-07
254,10,3,3,148,2024-10-31,2024-11-12,2024-11-14
255,96,5,1,194,2024-01-31,2024-02-06,2024-02-08
256,48,1,2,149,2024-05-31,2024-06-07,2024-06-06
257,44,2,2,34,2024-04-30,2024-05-08,2024-05-07
258,16,2,1,44,2024-03-31,2024-04-10,2024-04-10
259,59,5,3,17,2024-10-31,2024-11-07,2024-11-10
260,29,2,2,37,2024-10-31,2024-11-14,2024-11-15
261,55,2,3,144,2024-07-31,2024-08-14,2024-08-14
262,28,1,3,96,2024-04-30,2024-05-05,2024-05-08
263,50,4,3,13,2024-06-30,2024-07-10,2024-07-12
264,39,2,1,53,2024-10-31,2024-11-12,2024-11-10
265,12,2,3,165,2024-10-31,2024-11-10,2024-11-08
266,90,3,3,85,2024-03-31,2024-04-05,2024-04-06
267,10,1,1,117,2024-05-31,2024-06-10,2024-06-13
268,40,5,2,117,2024-12-31,2025-01-06,2025-01-05
269,48,5,3,115,2024-03-31,2024-04-12,2024-04-10
270,44,5,1,121,2024-09-30,2024-10-08,2024-10-06
271,88,5,2,40,2024-12-31,2025-01-05,2025-01-08
272,76,4,3,130,2024-01-31,2024-02-08,2024-02-07
273,60,3,1,100,2024-08-31,2024-09-14,2024-09-15
274,72,1,3,87,2024-12-31,2025-01-06,2025-01-04
275,43,5,1,120,2024-12-31,2025-01-07,2025-01-10
276,15,2,1,124,2024-12-31,2025-01-13,2025-01-14
277,36,3,1,76,2024-09-30,2024-10-07,2024-10-06
278,44,5,2,87,2024-12-31,2025-01-10,2025-01-09
279,67,4,2,129,2024-09-30,2024-10-10,2024-10-13
280,21,4,3,130,2024-04-30,2024-05-14,2024-05-14
281,22,5,1,174,2024-05-31,2024-06-13,2024-06-11
282,47,5,3,68,2024-06-30,2024-07-10,2024-07-11
283,64,5,2,14,2024-09-30,2024-10-12,2024-10-15
284,44,2,2,61,2024-04-30,2024-05-14,2024-05-16
285,29,3,3,145,2024-07-31,2024-08-09,2024-08-08
286,35,5,3,105,2024-10-31,2024-11-09,2024-11-07
287,32,2,2,120,2024-02-29,2024-03-05,2024-03-04
288,93,5,3,181,2024-08-31,2024-09-10,2024-09-11
289,50,4,2,23,2024-05-31,2024-06-13,2024-06-12
290,80,5,3,89,2024-07-31,2024-08-05,2024-08-03
291,44,4,1,120,2024-04-30,2024-05-11,2024-05-11
292,39,5,2,79,2024-08-31,2024-09-12,2024-09-15
293,38,2,3,41,2024-06-30,2024-07-12,2024-07-10
294,53,3,3,175,2024-02-29,2024-03-11,2024-03-13
295,30,5,1,178,2024-04-30,2024-05-06,2024-05-07
296,94,5,1,137,2024-04-30,2024-05-06,2024-05-08
297,19,2,2,130,2024-05-31,2024-06-14,2024-06-16
298,49,5,3,154,2024-09-30,2024-10-12,2024-10-13
299,78,5,3,183,2024-09-30,2024-10-11,2024-10-11
300,26,4,2,23,2024-05-31,2024-06-12,2024-06-12
301,28,5,1,96,2024-02-29,2024-03-07,2024-03-09
302,76,2,1,84,2024-10-31,2024-11-14,2024-11-16
303,78,1,1,115,2024-09-30,2024-10-05,2024-10-03
304,62,4,2,129,2024-06-30,2024-07-10,2024-07-11
305,89,4,2,171,2024-11-30,2024-12-12,2024-12-13
306,9,1,2,170,2024-07-31,2024-08-09,2024-08-10
307,57,2,1,135,2024-11-30,2024-12-08,2024-12-09
308,50,3,3,87,2024-08-31,2024-09-13,2024-09-16
309,26,2,2,64,2024-08-31,2024-09-12,2024-09-15
310,6,2,2,104,2024-01-31,2024-02-13,2024-02-15
311,96,4,1,22,2024-03-31,2024-04-13,2024-04-13
312,37,1,1,175,2024-11-30,2024-12-05,2024-12-04
313,87,1,3,135,2024-12-31,2025-01-08,2025-01-07
314,6,2,2,189,2024-08-31,2024-09-12,2024-09-14
315,8,1,2,197,2024-09-30,2024-10-07,2024-10-10
316,22,5,3,188,2024-06-30,2024-07-09,2024-07-11
317,28,2,1,71,2024-07-31,2024-08-12,2024-08-11
318,7,5,1,77,2024-02-29,2024-03-14,2024-03-17
319,5,2,2,96,2024-06-30,2024-07-13,2024-07-13
320,53,1,1,134,2024-01-31,2024-02-09,2024-02-07
321,38,3,3,186,2024-04-30,2024-05-05,2024-05-08
322,30,5,1,109,2024-12-31,2025-01-10,2025-01-12
323,7,4,1,116,2024-09-30,2024-10-13,2024-10-12
324,11,4,3,87,2024-03-31,2024-04-06,2024-04-08
325,17,3,1,166,2024-03-31,2024-04-08,2024-04-09
326,16,4,1,94,2024-01-31,2024-02-12,2024-02-14
327,52,2,1,88,2024-12-31,2025-01-05,2025-01-03
328,79,2,2,26,2024-01-31,2024-02-13,2024-02-14
329,73,3,1,170,2024-06-30,2024-07-12,2024-07-15
330,17,1,3,138,2024-11-30,2024-12-10,2024-12-10
331,6,1,2,119,2024-03-31,2024-04-11,2024-04-10
332,51,3,3,96,2024-04-30,2024-05-08,2024-05-08
333,42,3,1,175,2024-07-31,2024-08-11,2024-08-10
334,52,2,2,28,2024-09-30,2024-10-08,2024-10-07
335,50,1,2,150,2024-12-31,2025-01-14,2025-01-12
336,96,5,2,27,2024-02-29,2024-03-13,2024-03-13
337,54,2,1,103,2024-12-31,2025-01-08,2025-01-07
338,34,2,3,116,2024-02-29,2024-03-10,2024-03-13
339,40,1,1,155,2024-06-30,2024-07-11,2024-07-14
340,46,3,3,152,2024-05-31,2024-06-12,2024-06-13
341,80,2,2,150,2024-12-31,2025-01-13,2025-01-12
342,81,3,1,174,2024-11-30,2024-12-10,2024-12-10
343,64,2,3,106,2024-09-30,2024-10-11,2024-10-14
344,96,5,2,56,2024-10-31,2024-11-09,2024-11-07
345,77,5,3,30,2024-08-31,2024-09-06,2024-09-08
346,54,2,3,125,2024-12-31,2025-01-13,2025-01-13
347,23,4,2,129,2024-06-30,2024-07-07,2024-07-06
348,23,2,1,118,2024-01-31,2024-02-10,2024-02-12
349,60,2,1,21,2024-07-31,2024-08-07,2024-08-05
350,27,4,3,196,2024-08-31,2024-09-11,2024-09-12
351,47,2,1,122,2024-07-31,2024-08-05,2024-08-08
352,77,3,2,121,2024-11-30,2024-12-14,2024-12-15
353,81,1,1,197,2024-07-31,2024-08-08,2024-08-07
354,46,4,1,180,2024-10-31,2024-11-11,2024-11-10
355,48,5,3,155,2024-08-31,2024-09-14,2024-09-13
356,69,2,2,30,2024-08-31,2024-09-10,2024-09-10
357,95,1,1,134,2024-02-29,2024-03-06,2024-03-04
358,42,4,2,51,2024-04-30,2024-05-05,2024-05-06
359,45,4,3,134,2024-10-31,2024-11-09,2024-11-07
360,49,4,1,171,2024-09-30,2024-10-10,2024-10-09
361,78,3,2,49,2024-01-31,2024-02-07,2024-02-09
362,42,1,3,116,2024-08-31,2024-09-05,2024-09-07
363,53,4,3,142,2024-08-31,2024-09-05,2024-09-07
364,20,3,1,152,2024-03-31,2024-04-12,2024-04-14
365,48,3,1,82,2024-09-30,2024-10-10,2024-10-09
366,81,2,1,71,2024-08-31,2024-09-07,2024-09-09
367,69,1,1,10,2024-09-30,2024-10-08,2024-10-09
368,63,4,2,37,2024-09-30,2024-10-10,2024-10-10
369,12,4,3,183,2024-01-31,2024-02-14,2024-02-15
370,14,3,1,119,2024-02-29,2024-03-07,2024-03-10
371,86,3,3,191,2024-05-31,2024-06-14,2024-06-12
372,33,5,3,188,2024-11-30,2024-12-10,2024-12-10
373,83,5,2,108,2024-04-30,2024-05-05,2024-05-07
374,56,4,2,156,2024-11-30,2024-12-10,2024-12-11
375,91,1,1,115,2024-03-31,2024-04-07,2024-04-08
376,28,3,2,116,2024-08-31,2024-09-10,2024-09-11
377,11,4,3,30,2024-12-31,2025-01-06,2025-01-08
378,86,3,3,165,2024-05-31,2024-06-06,2024-06-07
379,37,5,2,100,2024-08-31,2024-09-11,2024-09-12
380,29,3,2,47,2024-03-31,2024-04-13,2024-04-16
381,87,5,3,196,2024-03-31,2024-04-14,2024-04-12
382,83,3,1,78,2024-10-31,2024-11-06,2024-11-05
383,72,5,3,136,2024-07-31,2024-08-09,2024-08-07
384,4,4,1,120,2024-04-30,2024-05-10,2024-05-12
385,100,5,2,130,2024-10-31,2024-11-13,2024-11-14
386,29,4,2,123,2024-02-29,2024-03-05,2024-03-07
387,80,1,1,79,2024-06-30,2024-07-07,2024-07-08
388,100,1,1,168,2024-05-31,2024-06-12,2024-06-14
389,62,2,2,149,2024-06-30,2024-07-05,2024-07-05
390,68,5,2,105,2024-11-30,2024-12-05,2024-12-03
391,42,4,1,193,2024-01-31,2024-02-12,2024-02-12
392,45,3,2,100,2024-06-30,2024-07-06,2024-07-08
393,82,3,3,127,2024-01-31,2024-02-10,2024-02-10
394,7,2,2,175,2024-08-31,2024-09-05,2024-09-05
395,91,5,1,142,2024-12-31,2025-01-09,2025-01-12
396,2,3,1,196,2024-09-30,2024-10-13,2024-10-13
397,90,3,3,109,2024-01-31,2024-02-13,2024-02-15
398,16,3,3,113,2024-07-31,2024-08-05,2024-08-04
399,28,5,2,82,2024-12-31,2025-01-10,2025-01-09
400,49,2,3,176,2024-03-31,2024-04-13,2024-04-16
401,85,4,3,187,2024-02-29,2024-03-09,2024-03-08
402,96,4,3,177,2024-10-31,2024-11-12,2024-11-14
403,76,2,3,188,2024-11-30,2024-12-06,2024-12-08
404,100,1,3,164,2024-09-30,2024-10-11,2024-10-09
405,71,2,3,16,2024-08-31,2024-09-07,2024-09-09
406,10,2,3,190,2024-05-31,2024-06-11,2024-06-09
407,91,1,2,164,2024-06-30,2024-07-05,2024-07-06
408,88,3,2,12,2024-11-30,2024-12-07,2024-12-08
409,63,1,3,147,2024-01-31,2024-02-10,2024-02-13
410,21,4,1,96,2024-06-30,2024-07-13,2024-07-16
411,57,4,1,58,2024-10-31,2024-11-11,2024-11-13
412,48,5,1,12,2024-02-29,2024-03-10,2024-03-13
413,45,5,3,136,2024-01-31,2024-02-13,2024-02-15
414,60,3,1,165,2024-10-31,2024-11-08,2024-11-07
415,5,2,3,180,2024-09-30,2024-10-13,2024-10-13
416,54,1,1,95,2024-05-31,2024-06-08,2024-06-09
417,54,2,3,87,2024-07-31,2024-08-08,2024-08-10
418,47,4,1,169,2024-10-31,2024-11-06,2024-11-08
419,14,4,1,45,2024-08-31,2024-09-12,2024-09-15
420,22,3,1,69,2024-10-31,2024-11-13,2024-11-15
421,91,1,1,40,2024-02-29,2024-03-14,2024-03-13
422,21,4,1,141,2024-04-30,2024-05-14,2024-05-15
423,9,3,1,13,2024-05-31,2024-06-11,2024-06-14
424,72,1,3,197,2024-06-30,2024-07-09,2024-07-09
425,65,1,2,54,2024-10-31,2024-11-07,2024-11-08
426,10,1,1,57,2024-03-31,2024-04-10,2024-04-08
427,71,4,1,49,2024-04-30,2024-05-08,2024-05-10
428,45,4,3,186,2024-07-31,2024-08-10,2024-08-09
429,39,5,1,91,2024-06-30,2024-07-05,2024-07-07
430,38,2,1,111,2024-03-31,2024-04-09,2024-04-10
431,31,3,1,57,2024-02-29,2024-03-05,2024-03-03
432,61,3,2,38,2024-02-29,2024-03-05,2024-03-08
433,62,4,2,22,2024-12-31,2025-01-11,2025-01-11
434,53,2,1,53,2024-12-31,2025-01-06,2025-01-08
435,57,1,2,67,2024-04-30,2024-05-07,2024-05-07
436,48,1,3,84,2024-09-30,2024-10-13,2024-10-13
437,93,3,3,128,2024-12-31,2025-01-06,2025-01-07
438,63,5,3,128,2024-06-30,2024-07-14,2024-07-13
439,76,3,3,74,2024-03-31,2024-04-06,2024-04-05
440,30,2,1,102,2024-01-31,2024-02-14,2024-02-15
441,94,2,1,187,2024-05-31,2024-06-14,2024-06-15
442,8,1,3,21,2024-05-31,2024-06-14,2024-06-12
443,26,2,1,196,2024-02-29,2024-03-05,2024-03-05
444,55,2,1,181,2024-06-30,2024-07-10,2024-07-09
445,18,1,2,19,2024-03-31,2024-04-14,2024-04-17
446,85,3,1,180,2024-05-31,2024-06-06,2024-06-05
447,60,3,2,77,2024-06-30,2024-07-12,2024-07-14
448,74,2,2,121,2024-02-29,2024-03-05,2024-03-08
449,87,2,1,71,2024-10-31,2024-11-12,2024-11-12
450,13,4,1,48,2024-08-31,2024-09-10,2024-09-09
451,61,1,1,88,2024-02-29,2024-03-08,2024-03-08
452,52,2,3,17,2024-01-31,2024-02-12,2024-02-14
453,28,3,3,171,2024-01-31,2024-02-09,2024-02-12
454,62,2,1,33,2024-07-31,2024-08-09,2024-08-12
455,47,3,1,22,2024-05-31,2024-06-07,2024-06-07
456,19,1,3,77,2024-08-31,2024-09-07,2024-09-09
457,66,2,3,54,2024-07-31,2024-08-14,2024-08-14
458,69,3,2,179,2024-03-31,2024-04-12,2024-04-11
459,35,1,2,181,2024-07-31,2024-08-10,2024-08-09
460,21,3,1,38,2024-07-31,2024-08-09,2024-08-11
461,23,1,2,185,2024-10-31,2024-11-09,2024-11-08
462,47,2,1,48,2024-10-31,2024-11-07,2024-11-06
463,6,5,1,83,2024-04-30,2024-05-07,2024-05-05
464,88,1,2,179,2024-12-31,2025-01-05,2025-01-06
465,86,5,3,92,2024-06-30,2024-07-07,2024-07-09
466,26,5,2,184,2024-12-31,2025-01-11,2025-01-12
467,50,5,1,141,2024-09-30,2024-10-08,2024-10-09
468,13,3,2,184,2024-03-31,2024-04-05,2024-04-04
469,24,1,3,23,2024-03-31,2024-04-06,2024-04-09
470,85,2,3,188,2024-08-31,2024-09-08,2024-09-09
471,51,3,1,113,2024-01-31,2024-02-11,2024-02-13
472,52,3,3,151,2024-06-30,2024-07-05,2024-07-08
473,10,5,2,27,2024-06-30,2024-07-13,2024-07-11
474,58,5,2,110,2024-06-30,2024-07-09,2024-07-09
475,36,4,1,148,2024-12-31,2025-01-14,2025-01-13
476,5,5,2,97,2024-08-31,2024-09-13,2024-09-12
477,6,4,3,12,2024-12-31,2025-01-09,2025-01-12
478,19,2,3,180,2024-05-31,2024-06-13,2024-06-13
479,72,4,3,89,2024-10-31,2024-11-10,2024-11-13
480,77,1,3,85,2024-05-31,2024-06-06,2024-06-07
481,2,3,2,53,2024-03-31,2024-04-08,2024-04-11
482,76,3,2,71,2024-01-31,2024-02-05,2024-02-03
483,53,1,3,128,2024-09-30,2024-10-11,2024-10-09
484,15,2,3,20,2024-08-31,2024-09-11,2024-09-14
485,53,4,3,108,2024-08-31,2024-09-06,2024-09-04
486,34,1,1,129,2024-03-31,2024-04-11,2024-04-10
487,40,4,1,132,2024-04-30,2024-05-05,2024-05-07
488,44,1,2,157,2024-09-30,2024-10-06,2024-10-07
489,36,5,3,41,2024-01-31,2024-02-05,2024-02-03
490,9,4,1,75,2024-09-30,2024-10-08,2024-10-11
491,60,1,1,14,2024-03-31,2024-04-08,2024-04-06
492,78,1,2,161,2024-04-30,2024-05-06,2024-05-09
493,89,4,1,144,2024-10-31,2024-11-08,2024-11-07
494,43,1,2,81,2024-11-30,2024-12-14,2024-12-16
495,87,4,1,76,2024-10-31,2024-11-08,2024-11-07
496,100,5,2,135,2024-06-30,2024-07-07,2024-07-09
497,51,2,2,181,2024-09-30,2024-10-05,2024-10-04
498,56,4,1,14,2024-10-31,2024-11-10,2024-11-12
499,100,5,1,153,2024-07-31,2024-08-13,2024-08-16
500,64,3,3,195,2024-04-30,2024-05-14,2024-05-16
501,63,4,1,126,2024-01-31,2024-02-13,2024-02-13
502,57,2,3,95,2024-10-31,2024-11-09,2024-11-10
503,71,5,2,139,2024-08-31,2024-09-11,2024-09-14
504,33,1,2,135,2024-07-31,2024-08-13,2024-08-15
505,14,5,3,86,2024-08-31,2024-09-14,2024-09-13
506,57,3,2,41,2024-06-30,2024-07-06,2024-07-07
507,77,1,2,42,2024-08-31,2024-09-06,2024-09-09
508,81,2,2,136,2024-06-30,2024-07-09,2024-07-09
509,80,5,2,40,2024-04-30,2024-05-11,2024-05-13
510,12,2,3,37,2024-02-29,2024-03-08,2024-03-10
511,58,5,1,35,2024-12-31,2025-01-13,2025-01-15
512,36,1,3,60,2024-12-31,2025-01-09,2025-01-08
513,57,3,2,66,2024-06-30,2024-07-08,2024-07-11
514,84,1,2,167,2024-09-30,2024-10-14,2024-10-13
515,78,4,1,24,2024-02-29,2024-03-09,2024-03-07
516,40,1,1,194,2024-10-31,2024-11-07,2024-11-08
517,98,1,1,57,2024-04-30,2024-05-05,2024-05-03
518,82,4,3,39,2024-09-30,2024-10-11,2024-10-13
519,78,1,1,41,2024-08-31,2024-09-12,2024-09-13
520,13,4,3,65,2024-05-31,2024-06-08,2024-06-11
521,34,4,2,139,2024-09-30,2024-10-14,2024-10-14
522,47,2,2,101,2024-08-31,2024-09-08,2024-09-08
523,74,5,3,174,2024-09-30,2024-10-08,2024-10-08
524,82,1,3,143,2024-10-31,2024-11-06,2024-11-09
525,28,4,1,123,2024-07-31,2024-08-06,2024-08-08
526,46,5,2,84,2024-10-31,2024-11-06,2024-11-04
527,37,4,2,44,2024-02-29,2024-03-09,2024-03-12
528,31,3,3,101,2024-06-30,2024-07-11,2024-07-09
529,19,3,3,56,2024-07-31,2024-08-13,2024-08-13
530,94,1,2,120,2024-06-30,2024-07-05,2024-07-03
531,14,1,2,66,2024-05-31,2024-06-12,2024-06-13
532,37,3,3,92,2024-09-30,2024-10-10,2024-10-08
533,83,4,1,84,2024-06-30,2024-07-08,2024-07-06
534,72,3,2,20,2024-11-30,2024-12-12,2024-12-15
535,56,5,1,119,2024-10-31,2024-11-14,2024-11-14
536,8,4,3,43,2024-11-30,2024-12-13,2024-12-15
537,87,4,3,159,2024-09-30,2024-10-05,2024-10-05
538,64,2,1,35,2024-12-31,2025-01-07,2025-01-07
539,69,1,2,17,2024-06-30,2024-07-05,2024-07-06
540,65,3,2,99,2024-08-31,2024-09-12,2024-09-14
541,35,4,3,13,2024-09-30,2024-10-08,2024-10-08
542,5,5,2,131,2024-06-30,2024-07-06,2024-07-06
543,17,5,1,155,2024-12-31,2025-01-11,2025-01-13
544,50,3,3,182,2024-06-30,2024-07-08,2024-07-10
545,20,2,3,56,2024-07-31,2024-08-07,2024-08-09
546,37,2,2,15,2024-04-30,2024-05-10,2024-05-10
547,55,4,2,36,2024-07-31,2024-08-07,2024-08-05
548,2,2,1,69,2024-08-31,2024-09-10,2024-09-13
549,6,1,2,29,2024-03-31,2024-04-05,2024-04-06
550,32,4,1,36,2024-04-30,2024-05-05,2024-05-04
551,63,1,1,58,2024-04-30,2024-05-05,2024-05-04
552,23,2,1,160,2024-09-30,2024-10-10,2024-10-11
553,86,4,3,114,2024-03-31,2024-04-07,2024-04-06
554,33,1,1,156,2024-07-31,2024-08-13,2024-08-16
555,66,1,2,196,2024-05-31,2024-06-12,2024-06-13
556,27,2,1,48,2024-06-30,2024-07-12,2024-07-12
557,13,2,2,65,2024-06-30,2024-07-13,2024-07-14
558,64,2,1,128,2024-04-30,2024-05-13,2024-05-14
559,4,1,2,97,2024-04-30,2024-05-12,2024-05-11
560,77,5,1,102,2024-04-30,2024-05-06,2024-05-06
561,25,4,1,27,2024-07-31,2024-08-09,2024-08-12
562,48,4,1,153,2024-12-31,2025-01-10,2025-01-10
563,17,1,1,108,2024-04-30,2024-05-11,2024-05-10
564,12,3,2,132,2024-08-31,2024-09-05,2024-09-06
565,79,1,2,73,2024-08-31,2024-09-10,2024-09-08
566,66,3,1,103,2024-03-31,2024-04-09,2024-04-08
567,71,2,3,113,2024-06-30,2024-07-12,2024-07-11
568,39,2,1,144,2024-06-30,2024-07-12,2024-07-13
569,35,3,3,45,2024-09-30,2024-10-13,2024-10-15
570,18,5,1,17,2024-04-30,2024-05-09,2024-05-09
571,53,5,1,164,2024-03-31,2024-04-11,2024-04-11
572,50,3,3,108,2024-08-31,2024-09-08,2024-09-08
573,69,4,1,81,2024-11-30,2024-12-11,2024-12-13
574,85,4,3,58,2024-06-30,2024-07-12,2024-07-11
575,94,5,2,166,2024-06-30,2024-07-09,2024-07-10
576,33,5,2,88,2024-07-31,2024-08-14,2024-08-14
577,93,5,2,126,2024-02-29,2024-03-13,2024-03-11
578,50,5,1,117,2024-04-30,2024-05-08,2024-05-10
579,37,3,3,132,2024-03-31,2024-04-10,2024-04-11
580,45,4,3,155,2024-08-31,2024-09-05,2024-09-03
581,27,4,2,166,2024-12-31,2025-01-08,2025-01-08
582,6,1,3,18,2024-04-30,2024-05-14,2024-05-16
583,27,5,1,137,2024-02-29,2024-03-06,2024-03-08
584,97,5,2,107,2024-12-31,2025-01-13,2025-01-12
585,56,3,3,90,2024-04-30,2024-05-11,2024-05-09
586,45,1,3,79,2024-04-30,2024-05-07,2024-05-08
587,63,5,1,149,2024-12-31,2025-01-14,2025-01-14
588,69,2,1,114,2024-11-30,2024-12-14,2024-12-14
589,49,2,1,10,2024-06-30,2024-07-14,2024-07-13
590,79,1,2,162,2024-01-31,2024-02-13,2024-02-15
591,6,4,2,63,2024-07-31,2024-08-10,2024-08-10
592,77,4,2,62,2024-03-31,2024-04-11,2024-04-12
593,17,4,2,111,2024-07-31,2024-08-12,2024-08-12
594,30,2,2,70,2024-09-30,2024-10-06,2024-10-06
595,44,5,2,149,2024-02-29,2024-03-13,2024-03-11
596,85,1,1,193,2024-08-31,2024-09-12,2024-09-11
597,72,4,1,42,2024-07-31,2024-08-10,2024-08-12
598,49,1,2,131,2024-12-31,2025-01-11,2025-01-10
599,90,1,1,158,2024-02-29,2024-03-14,2024-03-16
600,24,2,3,120,2024-12-31,2025-01-13,2025-01-12
601,14,4,3,167,2024-06-30,2024-07-14,2024-07-17
602,41,1,2,173,2024-01-31,2024-02-06,2024-02-09
603,90,2,1,64,2024-04-30,2024-05-12,2024-05-10
604,25,3,1,111,2024-06-30,2024-07-14,2024-07-17
605,38,4,3,167,2024-08-31,2024-09-07,2024-09-07
606,33,1,2,47,2024-10-31,2024-11-13,2024-11-14
607,78,4,2,153,2024-12-31,2025-01-09,2025-01-10
608,97,1,3,24,2024-12-31,2025-01-07,2025-01-07
609,47,3,2,166,2024-04-30,2024-05-14,2024-05-14
610,12,2,1,44,2024-10-31,2024-11-10,2024-11-08
611,43,5,3,172,2024-05-31,2024-06-09,2024-06-11
612,60,4,3,14,2024-07-31,2024-08-13,2024-08-15
613,18,5,2,83,2024-03-31,2024-04-13,2024-04-11
614,24,1,2,53,2024-09-30,2024-10-12,2024-10-12
615,59,1,2,84,2024-02-29,2024-03-11,2024-03-12
616,86,3,2,49,2024-09-30,2024-10-11,2024-10-12
617,77,5,1,77,2024-08-31,2024-09-08,2024-09-09
618,45,2,2,32,2024-04-30,2024-05-10,2024-05-10
619,38,3,2,103,2024-05-31,2024-06-13,2024-06-16
620,38,5,3,52,2024-07-31,2024-08-06,2024-08-07
621,5,4,3,182,2024-09-30,2024-10-06,2024-10-09
622,14,3,3,35,2024-11-30,2024-12-08,2024-12-10
623,16,2,2,68,2024-06-30,2024-07-06,2024-07-09
624,27,3,1,129,2024-09-30,2024-10-13,2024-10-16
625,18,4,3,188,2024-07-31,2024-08-13,2024-08-12
626,94,2,2,86,2024-06-30,2024-07-10,2024-07-08
627,9,5,1,151,2024-05-31,2024-06-13,2024-06-16
628,3,1,3,28,2024-02-29,2024-03-06,2024-03-09
629,47,1,3,60,2024-06-30,2024-07-14,2024-07-12
630,28,3,3,185,2024-04-30,2024-05-13,2024-05-13
631,97,3,3,166,2024-07-31,2024-08-09,2024-08-12
632,58,2,2,22,2024-10-31,2024-11-06,2024-11-05
633,51,4,1,153,2024-05-31,2024-06-07,2024-06-10
634,91,2,2,182,2024-06-30,2024-07-12,2024-07-12
635,62,1,3,63,2024-09-30,2024-10-13,2024-10-14
636,73,5,1,64,2024-05-31,2024-06-12,2024-06-10
637,26,1,3,182,2024-09-30,2024-10-11,2024-10-09
638,65,5,1,165,2024-10-31,2024-11-12,2024-11-15
639,27,4,3,94,2024-02-29,2024-03-07,2024-03-07
640,62,4,3,39,2024-05-31,2024-06-10,2024-06-12
641,60,2,1,121,2024-06-30,2024-07-09,2024-07-07
642,18,1,3,174,2024-12-31,2025-01-10,2025-01-11
643,75,4,1,138,2024-10-31,2024-11-07,2024-11-09
644,23,1,2,92,2024-07-31,2024-08-08,2024-08-08
645,62,3,3,176,2024-04-30,2024-05-11,2024-05-11
646,46,2,1,101,2024-02-29,2024-03-08,2024-03-08
647,95,2,3,47,2024-06-30,2024-07-13,2024-07-11
648,9,5,2,25,2024-02-29,2024-03-14,2024-03-17
649,38,2,1,65,2024-11-30,2024-12-12,2024-12-13
650,46,4,2,93,2024-01-31,2024-02-11,2024-02-09
651,2,1,1,46,2024-10-31,2024-11-05,2024-11-07
652,38,3,3,15,2024-04-30,2024-05-07,2024-05-09
653,35,2,1,143,2024-11-30,2024-12-10,2024-12-11
654,30,4,2,67,2024-04-30,2024-05-12,2024-05-14
655,9,1,1,59,2024-02-29,2024-03-10,2024-03-13
656,48,5,3,72,2024-03-31,2024-04-13,2024-04-15
657,37,3,1,37,2024-04-30,2024-05-08,2024-05-07
658,89,3,2,176,2024-10-31,2024-11-12,2024-11-13
659,15,2,1,95,2024-06-30,2024-07-10,2024-07-11
660,82,5,1,11,2024-04-30,2024-05-13,2024-05-11
661,54,3,3,178,2024-04-30,2024-05-05,2024-05-04
662,93,1,1,153,2024-10-31,2024-11-10,2024-11-09
663,22,1,3,98,2024-02-29,2024-03-09,2024-03-09
664,34,3,2,16,2024-12-31,2025-01-09,2025-01-10
665,60,4,3,33,2024-10-31,2024-11-14,2024-11-17
666,90,2,2,26,2024-05-31,2024-06-06,2024-06-08
667,27,1,3,185,2024-10-31,2024-11-12,2024-11-15
668,9,1,3,102,2024-01-31,2024-02-08,2024-02-08
669,7,4,3,93,2024-12-31,2025-01-11,2025-01-14
670,25,1,3,150,2024-07-31,2024-08-12,2024-08-15
671,81,2,2,17,2024-01-31,2024-02-06,2024-02-07
672,60,2,2,100,2024-07-31,2024-08-09,2024-08-11
673,56,4,3,165,2024-09-30,2024-10-08,2024-10-07
674,36,2,3,10,2024-01-31,2024-02-11,2024-02-14
675,48,5,3,112,2024-02-29,2024-03-07,2024-03-05
676,80,2,3,100,2024-09-30,2024-10-10,2024-10-09
677,50,1,2,65,2024-09-30,2024-10-08,2024-10-09
678,79,2,2,115,2024-04-30,2024-05-14,2024-05-13
679,88,2,1,164,2024-08-31,2024-09-05,2024-09-03
680,68,1,1,107,2024-12-31,2025-01-11,2025-01-11
681,89,1,3,22,2024-08-31,2024-09-08,2024-09-08
682,17,5,1,199,2024-11-30,2024-12-08,2024-12-06
683,96,5,3,53,2024-12-31,2025-01-11,2025-01-09
684,21,1,2,51,2024-10-31,2024-11-14,2024-11-15
685,29,1,1,39,2024-10-31,2024-11-09,2024-11-11
686,19,5,1,26,2024-08-31,2024-09-09,2024-09-11
687,64,5,1,156,2024-12-31,2025-01-11,2025-01-09
688,65,5,1,79,2024-10-31,2024-11-06,2024-11-06
689,96,1,2,142,2024-05-31,2024-06-07,2024-06-10
690,48,5,1,53,2024-10-31,2024-11-06,2024-11-08
691,3,1,3,162,2024-06-30,2024-07-14,2024-07-13
692,46,1,3,30,2024-10-31,2024-11-10,2024-11-12
693,63,1,1,73,2024-05-31,2024-06-12,2024-06-12
694,1,5,2,74,2024-10-31,2024-11-10,2024-11-11
695,46,5,1,159,2024-10-31,2024-11-09,2024-11-12
696,32,3,2,176,2024-07-31,2024-08-06,2024-08-07
697,80,3,2,61,2024-05-31,2024-06-14,2024-06-12
698,35,3,2,174,2024-06-30,2024-07-11,2024-07-11
699,96,3,3,126,2024-08-31,2024-09-08,2024-09-07
700,98,4,2,60,2024-04-30,2024-05-08,2024-05-07
701,9,2,2,34,2024-04-30,2024-05-13,2024-05-13
702,45,1,2,126,2024-03-31,2024-04-09,2024-04-09
703,37,5,2,183,2024-09-30,2024-10-11,2024-10-14
704,6,5,3,189,2024-08-31,2024-09-06,2024-09-04
705,96,2,1,124,2024-05-31,2024-06-10,2024-06-11
706,80,2,2,139,2024-02-29,2024-03-13,2024-03-16
707,5,3,1,166,2024-11-30,2024-12-09,2024-12-07
708,96,4,3,28,2024-06-30,2024-07-06,2024-07-04
709,76,1,1,155,2024-08-31,2024-09-06,2024-09-05
710,18,1,3,85,2024-02-29,2024-03-14,2024-03-16
711,85,3,3,118,2024-12-31,2025-01-07,2025-01-10
712,14,4,1,27,2024-03-31,2024-04-08,2024-04-11
713,80,4,3,181,2024-03-31,2024-04-07,2024-04-08
714,97,2,1,199,2024-10-31,2024-11-06,2024-11-09
715,51,4,1,114,2024-01-31,2024-02-14,2024-02-13
716,19,1,3,88,2024-09-30,2024-10-14,2024-10-15
717,4,4,1,50,2024-12-31,2025-01-11,2025-01-13
718,61,3,3,84,2024-12-31,2025-01-12,2025-01-10
719,82,3,2,19,2024-07-31,2024-08-06,2024-08-07
720,14,2,2,39,2024-02-29,2024-03-08,2024-03-06
721,35,2,1,124,2024-04-30,2024-05-08,2024-05-08
722,8,3,1,16,2024-02-29,2024-03-09,2024-03-12
723,92,2,1,51,2024-05-31,2024-06-13,2024-06-13
724,87,2,3,186,2024-02-29,2024-03-07,2024-03-07
725,50,3,3,131,2024-11-30,2024-12-13,2024-12-14
726,92,1,3,101,2024-01-31,2024-02-09,2024-02-08
727,42,2,2,27,2024-03-31,2024-04-09,2024-04-10
728,66,3,2,41,2024-10-31,2024-11-06,2024-11-09
729,38,4,2,90,2024-06-30,2024-07-07,2024-07-05
730,88,4,2,132,2024-04-30,2024-05-08,2024-05-09
731,78,2,2,146,2024-05-31,2024-06-14,2024-06-17
732,95,4,3,164,2024-10-31,2024-11-13,2024-11-11
733,69,5,3,100,2024-08-31,2024-09-13,2024-09-14
734,7,3,3,174,2024-03-31,2024-04-11,2024-04-14
735,83,1,1,156,2024-11-30,2024-12-14,2024-12-14
736,87,3,2,140,2024-02-29,2024-03-13,2024-03-13
737,20,2,1,95,2024-02-29,2024-03-13,2024-03-12
738,21,4,1,105,2024-10-31,2024-11-11,2024-11-10
739,87,4,1,94,2024-05-31,2024-06-06,2024-06-07
740,65,1,1,144,2024-03-31,2024-04-05,2024-04-05
741,26,4,2,86,2024-12-31,2025-01-10,2025-01-13
742,44,4,3,175,2024-11-30,2024-12-14,2024-12-15
743,63,5,1,171,2024-07-31,2024-08-13,2024-08-11
744,37,1,2,88,2024-08-31,2024-09-05,2024-09-04
745,45,5,1,14,2024-02-29,2024-03-14,2024-03-13
746,36,1,3,177,2024-05-31,2024-06-06,2024-06-04
747,95,1,2,134,2024-06-30,2024-07-09,2024-07-08
748,25,5,1,111,2024-02-29,2024-03-05,2024-03-07
749,68,4,3,23,2024-04-30,2024-05-06,2024-05-07
750,83,1,3,167,2024-11-30,2024-12-07,2024-12-09
751,79,1,1,45,2024-05-31,2024-06-12,2024-06-12
752,98,3,3,113,2024-01-31,2024-02-11,2024-02-09
753,76,5,2,55,2024-03-31,2024-04-07,2024-04-08
754,8,5,2,188,2024-04-30,2024-05-08,2024-05-11
755,57,3,3,166,2024-03-31,2024-04-07,2024-04-08
756,74,2,1,185,2024-11-30,2024-12-14,2024-12-12
757,100,3,1,149,2024-09-30,2024-10-12,2024-10-13
758,57,5,1,129,2024-04-30,2024-05-09,2024-05-10
759,51,5,3,30,2024-11-30,2024-12-09,2024-12-12
760,73,1,2,87,2024-06-30,2024-07-05,2024-07-08
761,34,3,3,179,2024-06-30,2024-07-10,2024-07-11
762,21,2,2,99,2024-08-31,2024-09-14,2024-09-13
763,70,4,1,39,2024-05-31,2024-06-11,2024-06-09
764,34,1,3,31,2024-07-31,2024-08-13,2024-08-15
765,16,4,3,181,2024-02-29,2024-03-07,2024-03-09
766,11,5,2,54,2024-04-30,2024-05-05,2024-05-06
767,48,4,3,105,2024-10-31,2024-11-12,2024-11-15
768,86,1,1,60,2024-10-31,2024-11-05,2024-11-06
769,10,2,2,104,2024-11-30,2024-12-10,2024-12-12
770,73,3,3,190,2024-07-31,2024-08-10,2024-08-09
771,8,3,3,185,2024-10-31,2024-11-10,2024-11-08
772,62,4,3,57,2024-04-30,2024-05-09,2024-05-07
773,92,4,1,14,2024-02-29,2024-03-12,2024-03-11
774,84,4,1,14,2024-01-31,2024-02-10,2024-02-09
775,46,5,3,100,2024-08-31,2024-09-13,2024-09-15
776,28,5,2,171,2024-07-31,2024-08-09,2024-08-11
777,27,1,1,185,2024-05-31,2024-06-06,2024-06-09
778,95,3,1,198,2024-02-29,2024-03-14,2024-03-13
779,87,4,3,195,2024-08-31,2024-09-07,2024-09-10
780,29,2,3,186,2024-01-31,2024-02-11,2024-02-13
781,59,5,3,60,2024-05-31,2024-06-10,2024-06-09
782,99,3,2,142,2024-09-30,2024-10-07,2024-10-08
783,91,5,1,47,2024-11-30,2024-12-09,2024-12-11
784,91,1,3,48,2024-07-31,2024-08-09,2024-08-07
785,89,3,1,145,2024-05-31,2024-06-07,2024-06-05
786,19,4,3,192,2024-04-30,2024-05-11,2024-05-12
787,27,5,2,110,2024-06-30,2024-07-11,2024-07-13
788,16,4,3,121,2024-07-31,2024-08-11,2024-08-11
789,45,5,3,44,2024-12-31,2025-01-07,2025-01-10
790,51,4,2,198,2024-08-31,2024-09-14,2024-09-13
791,39,4,2,59,2024-04-30,2024-05-10,2024-05-10
792,22,5,1,75,2024-08-31,2024-09-09,2024-09-09
793,82,5,3,146,2024-01-31,2024-02-11,2024-02-09
794,54,1,2,141,2024-04-30,2024-05-06,2024-05-05
795,64,4,1,58,2024-08-31,2024-09-09,2024-09-11
796,16,2,3,113,2024-09-30,2024-10-06,2024-10-06
797,52,5,3,90,2024-08-31,2024-09-06,2024-09-04
798,31,5,1,114,2024-09-30,2024-10-06,2024-10-05
799,55,3,3,26,2024-06-30,2024-07-07,2024-07-05
800,29,4,1,106,2024-01-31,2024-02-06,2024-02-05
801,8,2,3,27,2024-11-30,2024-12-14,2024-12-13
802,76,4,3,188,2024-01-31,2024-02-07,2024-02-08
803,30,1,1,198,2024-06-30,2024-07-09,2024-07-07
804,42,1,3,188,2024-11-30,2024-12-12,2024-12-13
805,60,3,3,112,2024-08-31,2024-09-14,2024-09-13
806,82,4,3,31,2024-03-31,2024-04-07,2024-04-10
807,33,1,1,35,2024-08-31,2024-09-06,2024-09-09
808,10,2,1,163,2024-12-31,2025-01-08,2025-01-06
809,14,3,1,21,2024-04-30,2024-05-06,2024-05-07
810,66,2,3,26,2024-10-31,2024-11-06,2024-11-09
811,83,2,1,10,2024-08-31,2024-09-08,2024-09-06
812,100,2,3,62,2024-12-31,2025-01-14,2025-01-16
813,22,4,3,152,2024-10-31,2024-11-07,2024-11-08
814,40,1,3,129,2024-08-31,2024-09-06,2024-09-04
815,70,3,3,46,2024-10-31,2024-11-09,2024-11-12
816,73,1,2,199,2024-10-31,2024-11-08,2024-11-11
817,24,1,1,154,2024-08-31,2024-09-11,2024-09-09
818,99,2,1,12,2024-05-31,2024-06-14,2024-06-12
819,46,3,2,139,2024-07-31,2024-08-12,2024-08-10
820,61,4,3,77,2024-05-31,2024-06-08,2024-06-06
821,87,5,2,122,2024-09-30,2024-10-05,2024-10-08
822,64,2,2,46,2024-11-30,2024-12-10,2024-12-10
823,5,2,3,76,2024-01-31,2024-02-12,2024-02-12
824,71,1,3,88,2024-02-29,2024-03-14,2024-03-12
825,14,4,2,181,2024-02-29,2024-03-05,2024-03-06
826,39,4,1,41,2024-09-30,2024-10-14,2024-10-12
827,87,5,3,19,2024-06-30,2024-07-14,2024-07-15
828,67,4,1,178,2024-12-31,2025-01-14,2025-01-15
829,81,4,2,22,2024-12-31,2025-01-05,2025-01-06
830,92,5,3,65,2024-04-30,2024-05-07,2024-05-06
831,52,3,2,182,2024-04-30,2024-05-14,2024-05-16
832,29,1,2,30,2024-11-30,2024-12-14,2024-12-12
833,76,5,3,170,2024-02-29,2024-03-10,2024-03-12
834,1,1,3,125,2024-12-31,2025-01-08,2025-01-11
835,86,2,2,63,2024-01-31,2024-02-14,2024-02-12
836,39,3,3,11,2024-02-29,2024-03-10,2024-03-10
837,29,4,2,133,2024-03-31,2024-04-11,2024-04-12
838,29,5,1,54,2024-02-29,2024-03-06,2024-03-04
839,82,2,2,180,2024-08-31,2024-09-12,2024-09-10
840,81,4,2,29,2024-06-30,2024-07-12,2024-07-14
841,34,5,3,13,2024-12-31,2025-01-06,2025-01-07
842,24,2,1,45,2024-07-31,2024-08-14,2024-08-13
843,12,1,2,162,2024-05-31,2024-06-07,2024-06-08
844,6,2,1,112,2024-08-31,2024-09-11,2024-09-09
845,45,4,2,121,2024-07-31,2024-08-13,2024-08-15
846,50,5,3,158,2024-09-30,2024-10-13,2024-10-13
847,93,2,3,127,2024-06-30,2024-07-08,2024-07-08
848,93,2,3,138,2024-12-31,2025-01-11,2025-01-13
849,46,2,3,48,2024-12-31,2025-01-07,2025-01-10
850,35,2,1,166,2024-02-29,2024-03-08,2024-03-11
851,14,3,2,39,2024-10-31,2024-11-11,2024-11-13
852,35,2,3,136,2024-04-30,2024-05-08,2024-05-08
853,24,5,1,118,2024-06-30,2024-07-12,2024-07-10
854,69,4,3,155,2024-10-31,2024-11-05,2024-11-08
855,15,5,3,113,2024-09-30,2024-10-06,2024-10-06
856,13,4,3,82,2024-05-31,2024-06-07,2024-06-10
857,31,3,2,158,2024-03-31,2024-04-10,2024-04-11
858,32,2,1,199,2024-09-30,2024-10-07,2024-10-10
859,88,2,3,96,2024-08-31,2024-09-05,2024-09-03
860,36,2,3,55,2024-10-31,2024-11-11,2024-11-10
861,32,1,2,145,2024-10-31,2024-11-11,2024-11-11
862,70,1,2,134,2024-12-31,2025-01-13,2025-01-16
863,92,5,2,90,2024-01-31,2024-02-12,2024-02-15
864,40,3,2,83,2024-07-31,2024-08-11,2024-08-10
865,36,1,2,132,2024-09-30,2024-10-14,2024-10-14
866,45,2,1,59,2024-01-31,2024-02-14,2024-02-14
867,15,4,3,158,2024-12-31,2025-01-14,2025-01-12
868,46,5,2,111,2024-03-31,2024-04-08,2024-04-09
869,81,3,3,23,2024-01-31,2024-02-13,2024-02-13
870,1,1,1,187,2024-02-29,2024-03-10,2024-03-10
871,81,3,2,49,2024-09-30,2024-10-06,2024-10-05
872,90,1,2,93,2024-05-31,2024-06-13,2024-06-16
873,44,1,1,112,2024-12-31,2025-01-14,2025-01-12
874,37,5,2,29,2024-09-30,2024-10-11,2024-10-13
875,31,3,3,36,2024-05-31,2024-06-07,2024-06-05
876,71,2,3,96,2024-02-29,2024-03-08,2024-03-07
877,56,1,2,43,2024-04-30,2024-05-07,2024-05-05
878,28,2,3,194,2024-01-31,2024-02-13,2024-02-12
879,98,5,1,46,2024-04-30,2024-05-14,2024-05-13
880,61,4,3,93,2024-10-31,2024-11-08,2024-11-07
881,53,5,1,36,2024-11-30,2024-12-14,2024-12-12
882,6,3,2,190,2024-05-31,2024-06-09,2024-06-08
883,21,3,1,125,2024-09-30,2024-10-12,2024-10-14
884,63,3,3,58,2024-01-31,2024-02-10,2024-02-10
885,52,1,1,30,2024-06-30,2024-07-06,2024-07-04
886,68,4,1,41,2024-04-30,2024-05-09,2024-05-07
887,97,1,1,89,2024-02-29,2024-03-10,2024-03-13
888,66,1,1,32,2024-06-30,2024-07-07,2024-07-05
889,80,3,1,27,2024-12-31,2025-01-05,2025-01-05
890,69,2,2,43,2024-03-31,2024-04-12,2024-04-11
891,5,4,1,163,2024-06-30,2024-07-11,2024-07-14
892,13,1,1,29,2024-12-31,2025-01-13,2025-01-15
893,24,4,1,157,2024-12-31,2025-01-13,2025-01-15
894,17,4,2,28,2024-07-31,2024-08-07,2024-08-05
895,44,3,2,11,2024-10-31,2024-11-08,2024-11-06
896,81,4,2,177,2024-07-31,2024-08-12,2024-08-14
897,4,5,3,100,2024-08-31,2024-09-08,2024-09-08
898,70,3,3,55,2024-12-31,2025-01-08,2025-01-07
899,77,1,1,168,2024-04-30,2024-05-08,2024-05-10
900,52,3,3,192,2024-05-31,2024-06-09,2024-06-08
901,71,2,2,155,2024-10-31,2024-11-06,2024-11-09
902,74,2,3,16,2024-05-31,2024-06-05,2024-06-08
903,18,5,1,17,2024-10-31,2024-11-05,2024-11-08
904,79,1,3,49,2024-03-31,2024-04-08,2024-04-08
905,6,1,3,145,2024-10-31,2024-11-08,2024-11-07
906,13,4,3,79,2024-08-31,2024-09-13,2024-09-15
907,1,1,2,135,2024-01-31,2024-02-12,2024-02-12
908,4,5,2,158,2024-10-31,2024-11-08,2024-11-08
909,49,5,2,181,2024-09-30,2024-10-11,2024-10-12
910,59,1,1,152,2024-01-31,2024-02-06,2024-02-04
911,52,2,1,181,2024-04-30,2024-05-08,2024-05-11
912,9,1,1,93,2024-04-30,2024-05-05,2024-05-08
913,34,3,1,97,2024-03-31,2024-04-13,2024-04-11
914,17,5,1,140,2024-04-30,2024-05-08,2024-05-08
915,92,2,3,33,2024-11-30,2024-12-14,2024-12-16
916,13,5,2,48,2024-03-31,2024-04-07,2024-04-07
917,76,4,2,184,2024-05-31,2024-06-12,2024-06-15
918,46,4,1,158,2024-11-30,2024-12-09,2024-12-12
919,58,2,3,57,2024-12-31,2025-01-11,2025-01-10
920,61,5,1,199,2024-04-30,2024-05-14,2024-05-12
921,78,2,3,169,2024-08-31,2024-09-12,2024-09-14
922,91,5,2,51,2024-10-31,2024-11-14,2024-11-17
923,76,3,1,134,2024-05-31,2024-06-08,2024-06-09
924,40,3,1,23,2024-12-31,2025-01-12,2025-01-14
925,86,2,1,180,2024-03-31,2024-04-09,2024-04-08
926,3,4,2,142,2024-10-31,2024-11-08,2024-11-10
927,96,2,3,78,2024-05-31,2024-06-11,2024-06-09
928,68,3,1,97,2024-12-31,2025-01-12,2025-01-10
929,53,2,1,122,2024-02-29,2024-03-06,2024-03-04
930,4,3,3,154,2024-12-31,2025-01-06,2025-01-09
931,73,5,1,94,2024-09-30,2024-10-11,2024-10-12
932,27,5,1,165,2024-07-31,2024-08-10,2024-08-10
933,69,1,3,197,2024-04-30,2024-05-11,2024-05-13
934,11,5,3,22,2024-06-30,2024-07-11,2024-07-14
935,56,2,2,31,2024-09-30,2024-10-10,2024-10-11
936,39,3,1,152,2024-10-31,2024-11-07,2024-11-05
937,98,4,1,104,2024-03-31,2024-04-05,2024-04-08
938,62,2,2,57,2024-09-30,2024-10-05,2024-10-05
939,9,3,1,139,2024-06-30,2024-07-12,2024-07-11
940,16,5,1,143,2024-03-31,2024-04-06,2024-04-06
941,86,3,2,168,2024-01-31,2024-02-12,2024-02-10
942,44,5,3,185,2024-11-30,2024-12-07,2024-12-10
943,96,2,3,43,2024-05-31,2024-06-11,2024-06-11
944,43,3,2,169,2024-11-30,2024-12-08,2024-12-06
945,3,1,2,126,2024-08-31,2024-09-06,2024-09-06
946,62,2,1,55,2024-07-31,2024-08-05,2024-08-06
947,26,3,2,31,2024-10-31,2024-11-10,2024-11-12
948,35,2,3,82,2024-03-31,2024-04-07,2024-04-05
949,18,3,3,129,2024-06-30,2024-07-11,2024-07-09
950,6,2,1,136,2024-06-30,2024-07-07,2024-07-07
951,9,3,3,21,2024-04-30,2024-05-12,2024-05-15
952,73,5,2,144,2024-01-31,2024-02-11,2024-02-14
953,50,2,3,101,2024-03-31,2024-04-05,2024-04-07
954,74,5,2,54,2024-09-30,2024-10-10,2024-10-13
955,51,5,2,128,2024-03-31,2024-04-06,2024-04-08
956,19,5,1,148,2024-10-31,2024-11-05,2024-11-06
957,90,5,2,197,2024-02-29,2024-03-05,2024-03-08
958,8,2,3,88,2024-12-31,2025-01-06,2025-01-07
959,62,1,3,94,2024-10-31,2024-11-05,2024-11-06
960,54,4,3,167,2024-07-31,2024-08-10,2024-08-08
961,50,5,2,129,2024-08-31,2024-09-14,2024-09-17
962,46,3,2,84,2024-06-30,2024-07-09,2024-07-12
963,97,3,3,97,2024-02-29,2024-03-07,2024-03-08
964,62,3,1,92,2024-05-31,2024-06-12,2024-06-15
965,34,4,1,19,2024-02-29,2024-03-12,2024-03-10
966,38,3,3,71,2024-12-31,2025-01-14,2025-01-16
967,65,2,3,146,2024-05-31,2024-06-14,2024-06-13
968,12,2,2,158,2024-05-31,2024-06-05,2024-06-05
969,69,1,2,73,2024-01-31,2024-02-12,2024-02-10
970,73,1,1,144,2024-07-31,2024-08-11,2024-08-14
971,27,1,3,56,2024-02-29,2024-03-10,2024-03-09
972,10,2,1,144,2024-03-31,2024-04-08,2024-04-10
973,16,5,1,47,2024-06-30,2024-07-06,2024-07-09
974,56,1,2,68,2024-12-31,2025-01-07,2025-01-06
975,55,1,3,141,2024-05-31,2024-06-10,2024-06-10
976,53,2,1,58,2024-03-31,2024-04-07,2024-04-05
977,29,1,3,189,2024-09-30,2024-10-11,2024-10-13
978,71,1,2,143,2024-01-31,2024-02-10,2024-02-08
979,77,4,2,81,2024-05-31,2024-06-09,2024-06-11
980,90,3,1,102,2024-05-31,2024-06-09,2024-06-07
981,87,5,1,139,2024-03-31,2024-04-08,2024-04-06
982,31,2,3,60,2024-03-31,2024-04-12,2024-04-10
983,10,5,2,59,2024-10-31,2024-11-14,2024-11-12
984,94,1,2,199,2024-09-30,2024-10-10,2024-10-09
985,65,3,1,136,2024-08-31,2024-09-05,2024-09-03
986,89,1,1,124,2024-04-30,2024-05-09,2024-05-12
987,89,5,3,69,2024-04-30,2024-05-10,2024-05-12
988,17,2,2,16,2024-04-30,2024-05-13,2024-05-11
989,4,5,3,65,2024-06-30,2024-07-05,2024-07-03
990,63,1,3,74,2024-01-31,2024-02-11,2024-02-13
991,30,1,2,191,2024-04-30,2024-05-11,2024-05-12
992,89,4,1,83,2024-03-31,2024-04-11,2024-04-12
993,52,5,1,74,2024-10-31,2024-11-06,2024-11-05
994,49,2,2,146,2024-05-31,2024-06-08,2024-06-08
995,6,1,3,161,2024-09-30,2024-10-12,2024-10-12
996,2,3,2,176,2024-12-31,2025-01-08,2025-01-07
997,6,1,2,119,2024-03-31,2024-04-05,2024-04-05
998,74,2,1,126,2024-10-31,2024-11-14,2024-11-14
999,90,1,3,27,2024-03-31,2024-04-07,2024-04-08
1000,88,5,3,57,2024-11-30,2024-12-10,2024-12-11
1001,98,3,1,105,2024-04-30,2024-05-09,2024-05-11
1002,8,2,3,159,2024-05-31,2024-06-09,2024-06-09
1003,23,5,2,14,2024-07-31,2024-08-06,2024-08-04
1004,8,5,2,31,2024-08-31,2024-09-11,2024-09-12
1005,64,3,3,91,2024-05-31,2024-06-11,2024-06-09
1006,52,2,2,181,2024-01-31,2024-02-11,2024-02-11
1007,92,1,3,176,2024-03-31,2024-04-13,2024-04-15
1008,87,3,1,170,2024-11-30,2024-12-06,2024-12-04
1009,32,3,1,178,2024-12-31,2025-01-13,2025-01-12
1010,11,1,3,191,2024-09-30,2024-10-14,2024-10-13
1011,71,4,2,175,2024-10-31,2024-11-13,2024-11-12
1012,94,3,1,157,2024-12-31,2025-01-08,2025-01-06
1013,72,4,3,106,2024-09-30,2024-10-13,2024-10-15
1014,63,3,1,14,2024-03-31,2024-04-09,2024-04-10
1015,48,1,3,199,2024-04-30,2024-05-07,2024-05-10
1016,97,5,3,48,2024-02-29,2024-03-14,2024-03-12
1017,15,2,1,101,2024-01-31,2024-02-05,2024-02-06
1018,100,4,1,60,2024-11-30,2024-12-05,2024-12-03
1019,74,4,1,198,2024-12-31,2025-01-12,2025-01-10
1020,69,2,1,44,2024-07-31,2024-08-05,2024-08-05
1021,36,4,3,51,2024-05-31,2024-06-07,2024-06-07
1022,39,5,3,184,2024-12-31,2025-01-08,2025-01-11
1023,63,4,2,60,2024-11-30,2024-12-06,2024-12-04
1024,49,2,1,198,2024-09-30,2024-10-09,2024-10-07
1025,24,5,3,47,2024-01-31,2024-02-14,2024-02-16
1026,97,2,2,20,2024-08-31,2024-09-12,2024-09-11
1027,21,4,1,19,2024-09-30,2024-10-08,2024-10-09
1028,62,5,2,131,2024-04-30,2024-05-11,2024-05-13
1029,81,1,2,10,2024-12-31,2025-01-09,2025-01-08
1030,20,2,3,175,2024-06-30,2024-07-06,2024-07-06
1031,20,4,2,106,2024-02-29,2024-03-07,2024-03-09
1032,91,5,3,193,2024-06-30,2024-07-07,2024-07-10
1033,71,2,2,10,2024-03-31,2024-04-11,2024-04-12
1034,76,4,3,162,2024-11-30,2024-12-06,2024-12-04
1035,19,4,1,50,2024-11-30,2024-12-10,2024-12-09
1036,22,2,2,45,2024-04-30,2024-05-07,2024-05-10
1037,55,2,3,35,2024-09-30,2024-10-09,2024-10-08
1038,56,4,2,43,2024-02-29,2024-03-10,2024-03-11
1039,50,1,1,62,2024-12-31,2025-01-11,2025-01-12
1040,69,2,2,25,2024-07-31,2024-08-10,2024-08-12
1041,51,2,3,167,2024-05-31,2024-06-13,2024-06-13
1042,53,3,2,160,2024-05-31,2024-06-06,2024-06-08
1043,55,4,1,191,2024-03-31,2024-04-09,2024-04-10
1044,95,5,2,181,2024-07-31,2024-08-09,2024-08-12
1045,55,1,1,50,2024-10-31,2024-11-08,2024-11-10
1046,45,5,3,182,2024-04-30,2024-05-08,2024-05-10
1047,55,3,1,133,2024-06-30,2024-07-14,2024-07-16
1048,13,5,1,34,2024-08-31,2024-09-08,2024-09-09
1049,73,5,3,136,2024-04-30,2024-05-14,2024-05-17
1050,42,3,1,134,2024-11-30,2024-12-07,2024-12-06
1051,38,5,3,190,2024-01-31,2024-02-07,2024-02-07
1052,28,4,2,195,2024-06-30,2024-07-09,2024-07-07
1053,15,1,3,17,2024-08-31,2024-09-07,2024-09-09
1054,41,3,1,22,2024-11-30,2024-12-12,2024-12-12
1055,26,5,3,174,2024-09-30,2024-10-08,2024-10-11
1056,3,3,1,145,2024-08-31,2024-09-07,2024-09-09
1057,43,5,3,179,2024-10-31,2024-11-06,2024-11-05
1058,82,1,3,121,2024-06-30,2024-07-11,2024-07-12
1059,33,3,3,13,2024-04-30,2024-05-08,2024-05-07
1060,9,3,1,154,2024-01-31,2024-02-08,2024-02-11
1061,22,4,3,52,2024-03-31,2024-04-12,2024-04-15
1062,8,1,2,122,2024-08-31,2024-09-10,2024-09-08
1063,21,1,2,163,2024-09-30,2024-10-08,2024-10-08
1064,36,2,2,82,2024-06-30,2024-07-05,2024-07-07
1065,73,5,2,81,2024-10-31,2024-11-08,2024-11-09
1066,43,4,1,34,2024-08-31,2024-09-11,2024-09-13
1067,41,1,2,51,2024-02-29,2024-03-08,2024-03-10
1068,14,1,1,30,2024-08-31,2024-09-06,2024-09-05
1069,45,2,1,128,2024-08-31,2024-09-09,2024-09-07
1070,52,2,3,149,2024-03-31,2024-04-13,2024-04-15
1071,95,2,3,61,2024-02-29,2024-03-07,2024-03-07
1072,39,5,3,166,2024-06-30,2024-07-08,2024-07-11
1073,61,3,1,38,2024-10-31,2024-11-12,2024-11-10
1074,31,5,2,137,2024-06-30,2024-07-13,2024-07-15
1075,4,2,3,119,2024-08-31,2024-09-09,2024-09-11
1076,61,3,3,80,2024-06-30,2024-07-05,2024-07-06
1077,22,3,2,164,2024-12-31,2025-01-07,2025-01-10
1078,92,2,2,18,2024-02-29,2024-03-08,2024-03-06
1079,15,5,2,124,2024-03-31,2024-04-13,2024-04-13
1080,8,1,2,27,2024-03-31,2024-04-06,2024-04-06
1081,91,3,2,73,2024-06-30,2024-07-11,2024-07-10
1082,79,5,2,90,2024-11-30,2024-12-07,2024-12-09
1083,15,2,1,198,2024-09-30,2024-10-09,2024-10-10
1084,57,3,1,99,2024-02-29,2024-03-05,2024-03-06
1085,74,2,3,33,2024-03-31,2024-04-11,2024-04-10
1086,19,2,3,24,2024-08-31,2024-09-09,2024-09-09
1087,69,3,3,97,2024-07-31,2024-08-10,2024-08-13
1088,33,2,1,154,2024-10-31,2024-11-12,2024-11-15
1089,71,4,1,88,2024-09-30,2024-10-05,2024-10-06
1090,35,5,1,154,2024-05-31,2024-06-08,2024-06-11
1091,29,2,1,38,2024-04-30,2024-05-07,2024-05-09
1092,93,5,1,133,2024-04-30,2024-05-12,2024-05-12
1093,12,4,1,144,2024-01-31,2024-02-06,2024-02-06
1094,71,1,3,12,2024-06-30,2024-07-10,2024-07-13
1095,93,2,2,78,2024-07-31,2024-08-11,2024-08-13
1096,90,5,3,158,2024-05-31,2024-06-05,2024-06-03
1097,51,3,3,59,2024-12-31,2025-01-06,2025-01-09
1098,49,5,2,16,2024-01-31,2024-02-07,2024-02-10
1099,1,5,3,36,2024-07-31,2024-08-08,2024-08-08
1100,58,1,1,26,2024-05-31,2024-06-14,2024-06-17
1101,87,3,1,111,2024-11-30,2024-12-10,2024-12-10
1102,45,2,3,40,2024-04-30,2024-05-05,2024-05-07
1103,37,3,3,14,2024-04-30,2024-05-05,2024-05-08
1104,10,1,2,53,2024-09-30,2024-10-14,2024-10-17
1105,50,4,2,195,2024-07-31,2024-08-07,2024-08-10
1106,95,4,3,165,2024-03-31,2024-04-06,2024-04-06
1107,51,5,2,83,2024-01-31,2024-02-07,2024-02-05
1108,68,3,1,138,2024-07-31,2024-08-09,2024-08-08
1109,12,1,3,16,2024-12-31,2025-01-05,2025-01-05
1110,63,3,2,100,2024-01-31,2024-02-11,2024-02-10
1111,22,5,1,62,2024-10-31,2024-11-07,2024-11-07
1112,40,4,1,52,2024-05-31,2024-06-07,2024-06-07
1113,27,1,1,106,2024-01-31,2024-02-14,2024-02-15
1114,44,3,3,126,2024-01-31,2024-02-08,2024-02-09
1115,17,2,2,89,2024-04-30,2024-05-12,2024-05-11
1116,89,4,1,139,2024-01-31,2024-02-14,2024-02-13
1117,9,2,2,28,2024-01-31,2024-02-05,2024-02-04
1118,55,4,2,121,2024-12-31,2025-01-06,2025-01-07
1119,50,1,3,189,2024-10-31,2024-11-09,2024-11-11
1120,15,2,1,53,2024-07-31,2024-08-09,2024-08-07
1121,56,2,1,99,2024-08-31,2024-09-10,2024-09-11
1122,89,4,1,147,2024-10-31,2024-11-13,2024-11-16
1123,90,3,3,69,2024-03-31,2024-04-10,2024-04-13
1124,15,5,3,182,2024-06-30,2024-07-09,2024-07-12
1125,53,2,2,32,2024-12-31,2025-01-08,2025-01-11
1126,19,4,3,100,2024-04-30,2024-05-12,2024-05-10
1127,89,4,2,73,2024-12-31,2025-01-10,2025-01-10
1128,5,4,2,134,2024-06-30,2024-07-13,2024-07-14
1129,25,4,3,114,2024-03-31,2024-04-09,2024-04-08
1130,77,3,1,79,2024-06-30,2024-07-09,2024-07-10
1131,7,2,3,193,2024-01-31,2024-02-14,2024-02-15
1132,79,5,1,155,2024-04-30,2024-05-06,2024-05-09
1133,63,3,2,120,2024-01-31,2024-02-05,2024-02-03
1134,22,5,2,182,2024-06-30,2024-07-10,2024-07-08
1135,21,1,3,122,2024-02-29,2024-03-07,2024-03-08
1136,87,3,2,162,2024-06-30,2024-07-11,2024-07-12
1137,66,1,1,88,2024-04-30,2024-05-07,2024-05-06
1138,14,3,2,23,2024-03-31,2024-04-05,2024-04-06
1139,1,2,3,161,2024-10-31,2024-11-08,2024-11-09
1140,77,2,1,112,2024-02-29,2024-03-07,2024-03-08
1141,20,2,2,199,2024-10-31,2024-11-10,2024-11-10
1142,75,1,2,185,2024-08-31,2024-09-13,2024-09-15
1143,67,4,2,22,2024-12-31,2025-01-09,2025-01-07
1144,19,4,1,40,2024-10-31,2024-11-06,2024-11-06
1145,20,2,3,95,2024-11-30,2024-12-06,2024-12-05
1146,34,1,3,83,2024-05-31,2024-06-05,2024-06-08
1147,9,1,3,121,2024-05-31,2024-06-08,2024-06-07
1148,63,1,3,84,2024-04-30,2024-05-13,2024-05-16
1149,8,5,3,138,2024-09-30,2024-10-06,2024-10-09
1150,42,5,2,70,2024-08-31,2024-09-07,2024-09-10
1151,22,2,3,117,2024-12-31,2025-01-11,2025-01-11
1152,36,5,1,127,2024-10-31,2024-11-08,2024-11-06
1153,90,5,2,24,2024-06-30,2024-07-12,2024-07-14
1154,21,1,1,97,2024-10-31,2024-11-06,2024-11-07
1155,31,2,2,115,2024-03-31,2024-04-12,2024-04-13
1156,7,4,2,156,2024-10-31,2024-11-07,2024-11-06
1157,93,4,2,143,2024-01-31,2024-02-11,2024-02-12
1158,78,4,1,100,2024-12-31,2025-01-07,2025-01-09
1159,61,2,1,182,2024-08-31,2024-09-12,2024-09-14
1160,67,5,2,93,2024-06-30,2024-07-09,2024-07-07
1161,32,5,2,138,2024-06-30,2024-07-07,2024-07-07
1162,71,5,1,122,2024-01-31,2024-02-14,2024-02-14
1163,24,1,2,22,2024-04-30,2024-05-13,2024-05-16
1164,100,2,3,108,2024-07-31,2024-08-11,2024-08-10
1165,99,2,3,82,2024-01-31,2024-02-11,2024-02-12
1166,18,2,3,149,2024-07-31,2024-08-09,2024-08-12
1167,64,2,2,171,2024-02-29,2024-03-09,2024-03-07
1168,68,5,3,137,2024-11-30,2024-12-12,2024-12-14
1169,65,3,3,189,2024-02-29,2024-03-14,2024-03-12
1170,87,1,3,77,2024-12-31,2025-01-09,2025-01-07
1171,95,2,2,143,2024-08-31,2024-09-10,2024-09-11
1172,15,4,1,121,2024-06-30,2024-07-12,2024-07-12
1173,58,1,1,118,2024-10-31,2024-11-14,2024-11-13
1174,92,2,1,155,2024-07-31,2024-08-07,2024-08-09
1175,24,1,2,166,2024-08-31,2024-09-10,2024-09-12
1176,35,3,3,86,2024-05-31,2024-06-10,2024-06-13
1177,22,1,1,177,2024-10-31,2024-11-09,2024-11-11
1178,54,1,3,47,2024-11-30,2024-12-13,2024-12-16
1179,64,4,1,79,2024-01-31,2024-02-13,2024-02-14
1180,15,2,1,140,2024-03-31,2024-04-09,2024-04-07
1181,55,5,1,175,2024-01-31,2024-02-11,2024-02-10
1182,19,4,2,167,2024-11-30,2024-12-11,2024-12-14
1183,13,4,2,36,2024-09-30,2024-10-13,2024-10-11
1184,48,4,2,15,2024-02-29,2024-03-06,2024-03-06
1185,52,1,3,15,2024-02-29,2024-03-05,2024-03-06
1186,85,2,2,147,2024-09-30,2024-10-12,2024-10-12
1187,97,4,3,51,2024-12-31,2025-01-06,2025-01-07
1188,6,5,2,51,2024-02-29,2024-03-13,2024-03-13
1189,42,2,1,154,2024-04-30,2024-05-06,2024-05-07
1190,95,1,1,198,2024-03-31,2024-04-05,2024-04-04
1191,5,3,3,191,2024-01-31,2024-02-10,2024-02-10
1192,7,4,3,105,2024-11-30,2024-12-06,2024-12-09
1193,54,4,3,187,2024-08-31,2024-09-08,2024-09-06
1194,8,3,3,194,2024-04-30,2024-05-10,2024-05-10
1195,99,3,3,38,2024-10-31,2024-11-06,2024-11-04
1196,47,2,3,32,2024-11-30,2024-12-14,2024-12-13
1197,36,4,1,135,2024-06-30,2024-07-09,2024-07-11
1198,90,4,1,157,2024-08-31,2024-09-12,2024-09-12
1199,65,2,2,60,2024-08-31,2024-09-07,2024-09-06
1200,78,2,1,134,2024-08-31,2024-09-05,2024-09-04
1201,21,2,1,162,2024-08-31,2024-09-10,2024-09-13
1202,61,4,2,180,2024-04-30,2024-05-09,2024-05-11
1203,85,5,1,71,2024-10-31,2024-11-12,2024-11-12
1204,2,1,3,194,2024-02-29,2024-03-13,2024-03-12
1205,41,3,1,195,2024-04-30,2024-05-14,2024-05-14
1206,38,3,3,50,2024-03-31,2024-04-06,2024-04-09
1207,72,5,3,156,2024-08-31,2024-09-14,2024-09-12
1208,65,5,1,131,2024-08-31,2024-09-13,2024-09-12
1209,6,5,2,82,2024-06-30,2024-07-12,2024-07-10
1210,9,4,2,113,2024-03-31,2024-04-07,2024-04-06
1211,96,1,2,167,2024-02-29,2024-03-09,2024-03-10
1212,81,1,2,157,2024-05-31,2024-06-11,2024-06-10
1213,56,3,2,110,2024-12-31,2025-01-06,2025-01-05
1214,84,4,1,33,2024-06-30,2024-07-14,2024-07-16
1215,93,2,2,136,2024-09-30,2024-10-06,2024-10-04
1216,8,2,3,154,2024-07-31,2024-08-06,2024-08-09
1217,93,3,1,58,2024-02-29,2024-03-06,2024-03-05
1218,74,3,1,196,2024-04-30,2024-05-14,2024-05-14
1219,64,5,2,43,2024-07-31,2024-08-11,2024-08-14
1220,64,1,1,85,2024-03-31,2024-04-13,2024-04-12
1221,17,2,3,178,2024-10-31,2024-11-08,2024-11-09
1222,65,2,1,107,2024-01-31,2024-02-11,2024-02-14
1223,44,3,1,133,2024-05-31,2024-06-14,2024-06-17
1224,36,5,1,10,2024-05-31,2024-06-10,2024-06-12
1225,2,1,1,132,2024-05-31,2024-06-14,2024-06-12
1226,51,5,3,22,2024-12-31,2025-01-09,2025-01-08
1227,59,4,3,126,2024-10-31,2024-11-06,2024-11-05
1228,15,1,2,159,2024-08-31,2024-09-13,2024-09-15
1229,8,5,1,159,2024-01-31,2024-02-12,2024-02-11
1230,22,1,1,44,2024-02-29,2024-03-14,2024-03-16
1231,27,1,2,199,2024-08-31,2024-09-12,2024-09-14
1232,18,2,2,190,2024-12-31,2025-01-11,2025-01-12
1233,39,3,1,27,2024-07-31,2024-08-10,2024-08-10
1234,32,4,1,177,2024-08-31,2024-09-07,2024-09-07
1235,69,3,3,87,2024-05-31,2024-06-12,2024-06-10
1236,18,2,1,171,2024-12-31,2025-01-13,2025-01-12
1237,24,1,1,126,2024-09-30,2024-10-08,2024-10-07
1238,6,2,3,81,2024-03-31,2024-04-06,2024-04-09
1239,78,3,1,181,2024-03-31,2024-04-10,2024-04-10
1240,73,5,2,72,2024-09-30,2024-10-09,2024-10-07
1241,4,1,1,143,2024-02-29,2024-03-12,2024-03-14
1242,15,3,2,193,2024-07-31,2024-08-13,2024-08-13
1243,68,2,2,166,2024-02-29,2024-03-06,2024-03-09
1244,27,4,2,176,2024-12-31,2025-01-10,2025-01-09
1245,36,3,3,54,2024-04-30,2024-05-09,2024-05-12
1246,89,3,2,28,2024-09-30,2024-10-14,2024-10-15
1247,64,4,3,89,2024-03-31,2024-04-14,2024-04-17
1248,48,2,1,176,2024-04-30,2024-05-07,2024-05-06
1249,100,3,3,85,2024-09-30,2024-10-08,2024-10-06
1250,92,2,1,48,2024-05-31,2024-06-05,2024-06-04
1251,21,2,2,130,2024-06-30,2024-07-06,2024-07-05
1252,1,1,2,195,2024-11-30,2024-12-08,2024-12-10
1253,48,1,3,55,2024-03-31,2024-04-06,2024-04-08
1254,17,4,2,88,2024-06-30,2024-07-13,2024-07-13
1255,55,5,1,165,2024-12-31,2025-01-12,2025-01-11
1256,84,1,1,95,2024-05-31,2024-06-14,2024-06-15
1257,75,1,2,16,2024-08-31,2024-09-08,2024-09-11
1258,75,4,2,25,2024-03-31,2024-04-11,2024-04-11
1259,51,3,3,197,2024-11-30,2024-12-12,2024-12-12
1260,2,4,2,185,2024-04-30,2024-05-12,2024-05-14
1261,98,4,2,87,2024-02-29,2024-03-06,2024-03-04
1262,20,2,1,178,2024-11-30,2024-12-11,2024-12-14
1263,44,3,2,149,2024-07-31,2024-08-05,2024-08-03
1264,20,3,3,141,2024-11-30,2024-12-14,2024-12-14
1265,93,1,1,111,2024-01-31,2024-02-07,2024-02-05
1266,15,5,3,30,2024-03-31,2024-04-06,2024-04-06
1267,41,3,1,68,2024-02-29,2024-03-09,2024-03-10
1268,92,5,1,186,2024-05-31,2024-06-08,2024-06-11
1269,39,1,1,132,2024-10-31,2024-11-08,2024-11-11
1270,26,2,3,145,2024-06-30,2024-07-13,2024-07-13
1271,54,5,3,185,2024-08-31,2024-09-08,2024-09-09
1272,63,2,3,102,2024-05-31,2024-06-10,2024-06-10
1273,84,2,2,11,2024-12-31,2025-01-07,2025-01-06
1274,49,4,1,186,2024-09-30,2024-10-12,2024-10-13
1275,29,4,1,67,2024-07-31,2024-08-11,2024-08-09
1276,54,5,2,179,2024-10-31,2024-11-06,2024-11-05
1277,23,1,1,110,2024-08-31,2024-09-09,2024-09-12
1278,71,1,3,87,2024-01-31,2024-02-06,2024-02-07
1279,86,2,2,165,2024-09-30,2024-10-07,2024-10-06
1280,2,3,1,137,2024-02-29,2024-03-07,2024-03-06
1281,13,5,2,32,2024-10-31,2024-11-12,2024-11-14
1282,72,2,3,66,2024-01-31,2024-02-05,2024-02-08
1283,47,2,2,196,2024-06-30,2024-07-05,2024-07-07
1284,31,5,3,152,2024-04-30,2024-05-09,2024-05-10
1285,97,3,3,160,2024-08-31,2024-09-06,2024-09-09
1286,73,3,2,56,2024-04-30,2024-05-13,2024-05-11
1287,59,3,3,189,2024-02-29,2024-03-06,2024-03-05
1288,49,5,1,191,2024-04-30,2024-05-08,2024-05-10
1289,46,5,2,135,2024-09-30,2024-10-12,2024-10-10
1290,61,3,2,172,2024-01-31,2024-02-14,2024-02-16
1291,68,3,3,167,2024-08-31,2024-09-06,2024-09-06
1292,34,5,3,174,2024-01-31,2024-02-11,2024-02-10
1293,38,4,1,37,2024-11-30,2024-12-06,2024-12-05
1294,98,3,2,10,2024-11-30,2024-12-06,2024-12-05
1295,95,2,2,197,2024-01-31,2024-02-07,2024-02-06
1296,39,5,1,96,2024-05-31,2024-06-13,2024-06-12
1297,17,1,2,15,2024-05-31,2024-06-12,2024-06-15
1298,69,4,3,22,2024-01-31,2024-02-08,2024-02-07
1299,3,4,1,36,2024-11-30,2024-12-06,2024-12-08
1300,17,4,3,26,2024-02-29,2024-03-07,2024-03-07
1301,24,2,2,183,2024-07-31,2024-08-05,2024-08-03
1302,87,1,1,164,2024-01-31,2024-02-09,2024-02-09
1303,10,4,1,66,2024-02-29,2024-03-11,2024-03-12
1304,13,2,2,151,2024-02-29,2024-03-06,2024-03-05
1305,99,5,1,121,2024-06-30,2024-07-13,2024-07-12
1306,31,5,1,121,2024-11-30,2024-12-10,2024-12-09
1307,72,3,2,153,2024-03-31,2024-04-13,2024-04-16
1308,58,4,2,188,2024-02-29,2024-03-08,2024-03-06
1309,36,5,1,73,2024-08-31,2024-09-06,2024-09-07
1310,59,3,2,165,2024-07-31,2024-08-08,2024-08-11
1311,31,1,3,197,2024-09-30,2024-10-05,2024-10-08
1312,49,1,2,160,2024-11-30,2024-12-13,2024-12-13
1313,88,1,3,69,2024-12-31,2025-01-07,2025-01-05
1314,32,3,3,137,2024-05-31,2024-06-14,2024-06-16
1315,48,3,1,120,2024-07-31,2024-08-09,2024-08-09
1316,74,1,1,64,2024-11-30,2024-12-13,2024-12-11
1317,20,1,3,43,2024-04-30,2024-05-07,2024-05-07
1318,69,5,2,129,2024-11-30,2024-12-11,2024-12-13
1319,93,5,2,67,2024-11-30,2024-12-10,2024-12-12
1320,1,3,1,62,2024-04-30,2024-05-05,2024-05-05
1321,58,3,2,197,2024-03-31,2024-04-10,2024-04-11
1322,31,5,2,191,2024-12-31,2025-01-05,2025-01-08
1323,9,2,2,23,2024-10-31,2024-11-05,2024-11-08
1324,91,1,2,170,2024-03-31,2024-04-11,2024-04-11
1325,58,2,3,181,2024-11-30,2024-12-06,2024-12-08
1326,88,5,1,133,2024-10-31,2024-11-12,2024-11-12
1327,2,1,3,177,2024-02-29,2024-03-07,2024-03-05
1328,62,3,2,182,2024-07-31,2024-08-08,2024-08-06
1329,99,1,1,175,2024-04-30,2024-05-05,2024-05-08
1330,53,5,1,121,2024-06-30,2024-07-06,2024-07-04
1331,15,2,1,147,2024-06-30,2024-07-09,2024-07-11
1332,28,2,3,25,2024-09-30,2024-10-11,2024-10-10
1333,38,1,3,107,2024-03-31,2024-04-12,2024-04-12
1334,64,1,1,91,2024-11-30,2024-12-09,2024-12-09
1335,98,3,1,22,2024-05-31,2024-06-06,2024-06-09
1336,13,2,3,125,2024-01-31,2024-02-07,2024-02-07
1337,60,1,1,136,2024-08-31,2024-09-05,2024-09-08
1338,41,3,1,50,2024-05-31,2024-06-13,2024-06-12
1339,23,3,1,29,2024-09-30,2024-10-14,2024-10-15
1340,12,1,2,152,2024-03-31,2024-04-10,2024-04-10
1341,69,5,2,172,2024-11-30,2024-12-10,2024-12-09
1342,63,4,2,124,2024-10-31,2024-11-14,2024-11-17
1343,97,5,3,87,2024-10-31,2024-11-07,2024-11-09
1344,48,2,3,144,2024-03-31,2024-04-11,2024-04-14
1345,1,5,1,12,2024-05-31,2024-06-10,2024-06-10
1346,15,4,1,136,2024-03-31,2024-04-08,2024-04-10
1347,90,1,2,17,2024-12-31,2025-01-10,2025-01-09
1348,59,3,3,59,2024-07-31,2024-08-12,2024-08-11
1349,97,5,1,155,2024-05-31,2024-06-14,2024-06-12
1350,38,1,2,146,2024-07-31,2024-08-11,2024-08-10
1351,30,2,2,111,2024-05-31,2024-06-09,2024-06-11
1352,83,3,2,165,2024-10-31,2024-11-14,2024-11-17
1353,30,3,1,140,2024-05-31,2024-06-13,2024-06-13
1354,42,2,1,10,2024-06-30,2024-07-13,2024-07-14
1355,69,3,2,115,2024-02-29,2024-03-09,2024-03-07
1356,25,2,1,162,2024-06-30,2024-07-13,2024-07-16
1357,67,4,1,47,2024-04-30,2024-05-05,2024-05-07
1358,62,1,1,54,2024-01-31,2024-02-05,2024-02-08
1359,5,5,2,98,2024-01-31,2024-02-12,2024-02-11
1360,7,2,2,69,2024-03-31,2024-04-08,2024-04-10
1361,59,2,3,114,2024-07-31,2024-08-05,2024-08-08
1362,96,5,3,139,2024-05-31,2024-06-12,2024-06-11
1363,81,4,1,108,2024-04-30,2024-05-07,2024-05-06
1364,84,1,3,99,2024-10-31,2024-11-10,2024-11-12
1365,77,4,1,154,2024-01-31,2024-02-09,2024-02-10
1366,88,1,2,112,2024-08-31,2024-09-07,2024-09-07
1367,12,5,1,18,2024-12-31,2025-01-06,2025-01-09
1368,13,2,2,140,2024-04-30,2024-05-10,2024-05-12
1369,3,2,3,156,2024-05-31,2024-06-09,2024-06-10
1370,24,1,2,92,2024-06-30,2024-07-14,2024-07-16
1371,11,5,2,75,2024-01-31,2024-02-07,2024-02-09
1372,47,4,3,173,2024-08-31,2024-09-11,2024-09-10
1373,89,1,3,174,2024-04-30,2024-05-10,2024-05-08
1374,22,1,2,87,2024-01-31,2024-02-12,2024-02-11
1375,90,5,2,89,2024-06-30,2024-07-10,2024-07-11
1376,99,4,2,143,2024-10-31,2024-11-09,2024-11-09
1377,41,3,2,92,2024-11-30,2024-12-09,2024-12-08
1378,56,1,3,194,2024-03-31,2024-04-12,2024-04-11
1379,73,4,2,82,2024-03-31,2024-04-07,2024-04-06
1380,63,3,1,72,2024-04-30,2024-05-12,2024-05-14
1381,34,3,1,155,2024-01-31,2024-02-06,2024-02-06
1382,65,3,1,147,2024-05-31,2024-06-12,2024-06-14
1383,56,4,3,64,2024-06-30,2024-07-07,2024-07-05
1384,90,5,1,62,2024-08-31,2024-09-11,2024-09-09
1385,55,4,3,49,2024-06-30,2024-07-13,2024-07-16
1386,10,4,3,176,2024-04-30,2024-05-08,2024-05-06
1387,96,3,3,186,2024-10-31,2024-11-14,2024-11-15
1388,43,3,3,108,2024-12-31,2025-01-05,2025-01-06
1389,78,1,2,182,2024-08-31,2024-09-05,2024-09-06
1390,22,2,2,149,2024-02-29,2024-03-08,2024-03-08
1391,51,5,1,66,2024-07-31,2024-08-06,2024-08-06
1392,28,1,3,183,2024-11-30,2024-12-10,2024-12-13
1393,3,3,1,84,2024-08-31,2024-09-05,2024-09-07
1394,55,3,2,196,2024-07-31,2024-08-13,2024-08-13
1395,67,2,2,122,2024-09-30,2024-10-10,2024-10-13
1396,27,5,1,40,2024-11-30,2024-12-09,2024-12-08
1397,54,1,3,179,2024-04-30,2024-05-14,2024-05-14
1398,40,5,3,144,2024-04-30,2024-05-10,2024-05-11
1399,73,3,3,67,2024-03-31,2024-04-11,2024-04-10
1400,25,4,2,136,2024-10-31,2024-11-13,2024-11-15
1401,76,3,3,177,2024-12-31,2025-01-08,2025-01-11
1402,10,2,1,162,2024-07-31,2024-08-12,2024-08-12
1403,36,1,3,96,2024-11-30,2024-12-11,2024-12-11
1404,77,3,1,169,2024-10-31,2024-11-13,2024-11-14
1405,22,5,1,21,2024-07-31,2024-08-05,2024-08-03
1406,14,3,3,73,2024-11-30,2024-12-12,2024-12-11
1407,41,1,3,48,2024-01-31,2024-02-13,2024-02-15
1408,88,2,2,97,2024-11-30,2024-12-05,2024-12-07
1409,71,1,3,108,2024-07-31,2024-08-10,2024-08-09
1410,1,3,2,74,2024-05-31,2024-06-07,2024-06-05
1411,50,2,1,100,2024-03-31,2024-04-10,2024-04-08
1412,86,2,2,22,2024-08-31,2024-09-12,2024-09-15
1413,74,1,3,146,2024-05-31,2024-06-13,2024-06-12
1414,94,3,2,93,2024-03-31,2024-04-08,2024-04-09
1415,90,2,1,134,2024-04-30,2024-05-09,2024-05-08
1416,29,4,3,135,2024-01-31,2024-02-12,2024-02-15
1417,95,2,3,94,2024-12-31,2025-01-11,2025-01-09
1418,1,3,2,87,2024-07-31,2024-08-10,2024-08-08
1419,8,2,3,87,2024-04-30,2024-05-11,2024-05-11
1420,83,1,2,61,2024-02-29,2024-03-06,2024-03-07
1421,61,4,3,27,2024-07-31,2024-08-10,2024-08-10
1422,83,1,3,78,2024-02-29,2024-03-09,2024-03-09
1423,58,3,3,186,2024-04-30,2024-05-14,2024-05-17
1424,47,1,3,169,2024-03-31,2024-04-09,2024-04-12
1425,37,3,1,112,2024-06-30,2024-07-14,2024-07-16
1426,66,3,3,196,2024-04-30,2024-05-09,2024-05-07
1427,49,3,3,177,2024-07-31,2024-08-09,2024-08-08
1428,88,1,3,20,2024-09-30,2024-10-05,2024-10-08
1429,41,3,2,49,2024-03-31,2024-04-08,2024-04-09
1430,71,4,1,118,2024-03-31,2024-04-12,2024-04-14
1431,52,4,1,85,2024-01-31,2024-02-05,2024-02-08
1432,81,2,2,131,2024-11-30,2024-12-09,2024-12-09
1433,82,1,3,37,2024-12-31,2025-01-13,2025-01-14
1434,29,5,1,60,2024-09-30,2024-10-14,2024-10-16
1435,22,3,2,144,2024-09-30,2024-10-13,2024-10-16
1436,15,5,2,183,2024-10-31,2024-11-09,2024-11-11
1437,92,5,3,175,2024-12-31,2025-01-12,2025-01-14
1438,66,4,3,124,2024-09-30,2024-10-06,2024-10-06
1439,48,3,3,162,2024-04-30,2024-05-06,2024-05-06
1440,13,4,3,137,2024-10-31,2024-11-10,2024-11-12
1441,67,2,3,28,2024-01-31,2024-02-09,2024-02-07
1442,70,3,3,56,2024-12-31,2025-01-09,2025-01-10
1443,66,5,1,157,2024-02-29,2024-03-10,2024-03-09
1444,73,5,2,25,2024-05-31,2024-06-09,2024-06-11
1445,47,5,3,135,2024-06-30,2024-07-13,2024-07-13
1446,35,2,2,197,2024-10-31,2024-11-07,2024-11-06
1447,45,2,2,24,2024-05-31,2024-06-09,2024-06-07
1448,98,2,3,189,2024-07-31,2024-08-07,2024-08-09
1449,41,5,1,106,2024-09-30,2024-10-09,2024-10-11
1450,46,4,2,107,2024-03-31,2024-04-13,2024-04-15
1451,5,1,2,156,2024-04-30,2024-05-11,2024-05-10
1452,56,5,3,138,2024-03-31,2024-04-13,2024-04-15
1453,8,1,2,144,2024-07-31,2024-08-12,2024-08-12
1454,17,3,3,186,2024-11-30,2024-12-10,2024-12-08
1455,62,2,2,101,2024-01-31,2024-02-07,2024-02-09
1456,85,5,3,53,2024-06-30,2024-07-13,2024-07-15
1457,77,4,1,76,2024-12-31,2025-01-10,2025-01-10
1458,11,5,1,144,2024-01-31,2024-02-05,2024-02-05
1459,77,1,2,146,2024-05-31,2024-06-13,2024-06-15
1460,47,2,3,110,2024-04-30,2024-05-10,2024-05-10
1461,4,1,2,118,2024-09-30,2024-10-14,2024-10-13
1462,50,4,2,185,2024-07-31,2024-08-10,2024-08-08
1463,24,5,2,104,2024-10-31,2024-11-13,2024-11-16
1464,56,2,2,149,2024-03-31,2024-04-11,2024-04-09
1465,89,1,2,197,2024-04-30,2024-05-10,2024-05-11
1466,22,1,1,164,2024-02-29,2024-03-06,2024-03-08
1467,86,3,3,126,2024-06-30,2024-07-08,2024-07-06
1468,51,2,1,102,2024-06-30,2024-07-06,2024-07-04
1469,4,3,1,128,2024-12-31,2025-01-07,2025-01-08
1470,59,5,1,102,2024-08-31,2024-09-12,2024-09-12
1471,97,4,1,82,2024-01-31,2024-02-11,2024-02-14
1472,30,2,2,107,2024-12-31,2025-01-08,2025-01-09
1473,27,2,1,81,2024-03-31,2024-04-07,2024-04-09
1474,2,1,2,130,2024-11-30,2024-12-12,2024-12-14
1475,49,1,2,101,2024-07-31,2024-08-12,2024-08-14
1476,85,4,1,48,2024-07-31,2024-08-06,2024-08-09
1477,92,1,1,195,2024-02-29,2024-03-07,2024-03-10
1478,10,5,1,16,2024-10-31,2024-11-09,2024-11-07
1479,22,4,1,46,2024-11-30,2024-12-08,2024-12-09
1480,15,4,2,146,2024-01-31,2024-02-07,2024-02-08
1481,20,5,3,121,2024-11-30,2024-12-05,2024-12-06
1482,6,3,3,75,2024-02-29,2024-03-14,2024-03-15
1483,68,5,1,123,2024-10-31,2024-11-06,2024-11-07
1484,36,1,3,115,2024-01-31,2024-02-12,2024-02-11
1485,14,3,2,69,2024-04-30,2024-05-12,2024-05-11
1486,39,3,2,28,2024-07-31,2024-08-07,2024-08-09
1487,72,5,3,16,2024-02-29,2024-03-12,2024-03-11
1488,76,2,3,151,2024-09-30,2024-10-10,2024-10-13
1489,69,1,1,194,2024-04-30,2024-05-05,2024-05-05
1490,26,4,3,71,2024-11-30,2024-12-12,2024-12-14
1491,74,2,2,121,2024-01-31,2024-02-06,2024-02-08
1492,63,5,2,25,2024-09-30,2024-10-09,2024-10-11
1493,52,1,2,32,2024-02-29,2024-03-07,2024-03-10
1494,34,5,1,18,2024-02-29,2024-03-13,2024-03-16
1495,69,2,2,119,2024-02-29,2024-03-05,2024-03-03
1496,16,5,2,115,2024-04-30,2024-05-12,2024-05-14
1497,55,3,3,73,2024-08-31,2024-09-12,2024-09-12
1498,9,1,3,152,2024-04-30,2024-05-10,2024-05-13
1499,61,2,1,110,2024-07-31,2024-08-05,2024-08-03
1500,54,3,2,92,2024-07-31,2024-08-07,2024-08-09
1501,78,5,2,119,2024-04-30,2024-05-11,2024-05-13
1502,14,1,2,72,2024-07-31,2024-08-13,2024-08-16
1503,28,2,3,26,2024-11-30,2024-12-08,2024-12-09
1504,77,2,3,124,2024-05-31,2024-06-05,2024-06-03
1505,24,3,2,42,2024-12-31,2025-01-10,2025-01-12
1506,10,1,2,52,2024-05-31,2024-06-13,2024-06-13
1507,9,5,3,61,2024-07-31,2024-08-11,2024-08-12
1508,21,3,1,144,2024-07-31,2024-08-14,2024-08-12
1509,69,3,1,68,2024-12-31,2025-01-06,2025-01-08
1510,97,2,3,46,2024-06-30,2024-07-12,2024-07-13
1511,14,3,3,96,2024-02-29,2024-03-12,2024-03-14
1512,39,4,2,124,2024-12-31,2025-01-08,2025-01-09
1513,60,4,1,191,2024-01-31,2024-02-08,2024-02-11
1514,84,2,2,159,2024-08-31,2024-09-13,2024-09-15
1515,81,1,2,11,2024-05-31,2024-06-11,2024-06-12
1516,77,4,2,167,2024-11-30,2024-12-14,2024-12-14
1517,59,2,3,193,2024-01-31,2024-02-08,2024-02-10
1518,98,1,2,70,2024-05-31,2024-06-07,2024-06-07
1519,59,3,1,73,2024-02-29,2024-03-09,2024-03-07
1520,72,3,2,14,2024-01-31,2024-02-09,2024-02-12
1521,41,4,3,172,2024-08-31,2024-09-10,2024-09-12
1522,48,5,1,19,2024-02-29,2024-03-07,2024-03-08
1523,80,2,1,80,2024-03-31,2024-04-11,2024-04-12
1524,87,1,1,35,2024-09-30,2024-10-11,2024-10-09
1525,40,3,1,29,2024-04-30,2024-05-14,2024-05-17
1526,12,1,1,162,2024-05-31,2024-06-08,2024-06-09
1527,9,2,3,99,2024-12-31,2025-01-11,2025-01-12
1528,99,4,3,41,2024-09-30,2024-10-12,2024-10-13
1529,44,1,3,167,2024-12-31,2025-01-14,2025-01-13
1530,18,5,1,33,2024-06-30,2024-07-10,2024-07-11
1531,1,3,3,177,2024-02-29,2024-03-06,2024-03-04
1532,68,5,2,93,2024-10-31,2024-11-11,2024-11-10
1533,29,2,3,106,2024-05-31,2024-06-05,2024-06-06
1534,61,1,1,117,2024-08-31,2024-09-10,2024-09-12
1535,7,4,1,198,2024-10-31,2024-11-10,2024-11-13
1536,94,4,3,166,2024-09-30,2024-10-14,2024-10-17
1537,78,2,2,167,2024-02-29,2024-03-10,2024-03-11
1538,21,5,3,153,2024-12-31,2025-01-08,2025-01-08
1539,55,1,3,153,2024-06-30,2024-07-08,2024-07-06
1540,81,5,2,78,2024-10-31,2024-11-11,2024-11-13
1541,36,1,3,30,2024-05-31,2024-06-10,2024-06-12
1542,95,3,2,87,2024-02-29,2024-03-12,2024-03-12
1543,92,1,1,15,2024-07-31,2024-08-07,2024-08-09
1544,33,3,2,158,2024-04-30,2024-05-05,2024-05-03
1545,93,2,2,150,2024-12-31,2025-01-09,2025-01-11
1546,38,1,3,199,2024-07-31,2024-08-10,2024-08-12
1547,54,3,1,120,2024-12-31,2025-01-13,2025-01-13
1548,24,1,1,138,2024-03-31,2024-04-12,2024-04-13
1549,43,1,2,10,2024-06-30,2024-07-09,2024-07-09
1550,35,2,2,63,2024-02-29,2024-03-12,2024-03-13
1551,22,5,1,109,2024-04-30,2024-05-11,2024-05-14
1552,32,3,3,194,2024-01-31,2024-02-09,2024-02-07
1553,33,3,3,173,2024-03-31,2024-04-10,2024-04-11
1554,15,4,1,33,2024-11-30,2024-12-05,2024-12-05
1555,23,1,1,65,2024-01-31,2024-02-06,2024-02-05
1556,82,4,1,51,2024-04-30,2024-05-14,2024-05-14
1557,69,1,1,198,2024-11-30,2024-12-07,2024-12-07
1558,68,2,3,132,2024-06-30,2024-07-12,2024-07-10
1559,24,1,1,28,2024-02-29,2024-03-11,2024-03-11
1560,99,1,2,70,2024-03-31,2024-04-10,2024-04-10
1561,85,1,3,75,2024-01-31,2024-02-11,2024-02-12
1562,43,4,3,30,2024-03-31,2024-04-07,2024-04-08
1563,8,2,3,153,2024-03-31,2024-04-11,2024-04-10
1564,1,2,1,111,2024-03-31,2024-04-11,2024-04-13
1565,85,4,2,97,2024-10-31,2024-11-05,2024-11-04
1566,73,1,1,37,2024-07-31,2024-08-09,2024-08-10
1567,80,2,2,112,2024-04-30,2024-05-06,2024-05-05
1568,16,1,1,50,2024-09-30,2024-10-12,2024-10-13
1569,94,4,2,155,2024-04-30,2024-05-08,2024-05-11
1570,67,2,3,27,2024-08-31,2024-09-11,2024-09-11
1571,6,2,2,70,2024-08-31,2024-09-09,2024-09-12
1572,27,5,1,44,2024-10-31,2024-11-11,2024-11-13
1573,90,3,1,73,2024-12-31,2025-01-11,2025-01-12
1574,6,3,2,127,2024-02-29,2024-03-05,2024-03-05
1575,46,2,2,38,2024-12-31,2025-01-10,2025-01-12
1576,69,2,2,126,2024-09-30,2024-10-09,2024-10-11
1577,10,3,2,122,2024-04-30,2024-05-06,2024-05-05
1578,35,1,3,106,2024-08-31,2024-09-06,2024-09-06
1579,71,5,2,30,2024-11-30,2024-12-14,2024-12-17
1580,75,2,2,198,2024-12-31,2025-01-05,2025-01-08
1581,89,3,1,21,2024-06-30,2024-07-06,2024-07-05
1582,95,5,2,178,2024-10-31,2024-11-05,2024-11-07
1583,90,3,1,184,2024-01-31,2024-02-05,2024-02-03
1584,55,5,1,127,2024-08-31,2024-09-06,2024-09-08
1585,18,3,1,156,2024-03-31,2024-04-08,2024-04-08
1586,50,1,2,130,2024-04-30,2024-05-08,2024-05-07
1587,58,3,1,45,2024-08-31,2024-09-13,2024-09-15
1588,92,3,3,195,2024-09-30,2024-10-05,2024-10-04
1589,80,5,2,112,2024-01-31,2024-02-07,2024-02-09
1590,30,3,2,120,2024-09-30,2024-10-13,2024-10-13
1591,30,5,3,127,2024-08-31,2024-09-10,2024-09-11
1592,50,3,3,38,2024-11-30,2024-12-08,2024-12-10
1593,73,5,3,98,2024-09-30,2024-10-08,2024-10-08
1594,26,5,2,73,2024-08-31,2024-09-14,2024-09-15
1595,10,2,1,53,2024-09-30,2024-10-13,2024-10-12
1596,24,4,2,25,2024-03-31,2024-04-11,2024-04-11
1597,43,5,3,17,2024-10-31,2024-11-07,2024-11-06
1598,77,1,2,120,2024-05-31,2024-06-09,2024-06-11
1599,51,2,2,132,2024-01-31,2024-02-11,2024-02-13
1600,90,1,3,189,2024-03-31,2024-04-10,2024-04-12
1601,87,5,1,102,2024-05-31,2024-06-06,2024-06-05
1602,91,3,2,146,2024-10-31,2024-11-07,2024-11-08
1603,47,5,2,93,2024-05-31,2024-06-14,2024-06-12
1604,44,1,2,23,2024-06-30,2024-07-07,2024-07-10
1605,42,4,3,88,2024-11-30,2024-12-10,2024-12-09
1606,24,1,2,192,2024-09-30,2024-10-14,2024-10-16
1607,58,2,3,116,2024-11-30,2024-12-05,2024-12-04
1608,46,5,2,138,2024-05-31,2024-06-11,2024-06-09
1609,73,1,1,31,2024-06-30,2024-07-08,2024-07-06
1610,51,2,3,152,2024-04-30,2024-05-08,2024-05-10
1611,52,5,1,120,2024-11-30,2024-12-13,2024-12-14
1612,89,1,1,157,2024-05-31,2024-06-08,2024-06-10
1613,98,2,2,139,2024-01-31,2024-02-07,2024-02-10
1614,81,4,1,77,2024-03-31,2024-04-13,2024-04-11
1615,78,3,1,165,2024-07-31,2024-08-05,2024-08-06
1616,10,1,3,27,2024-01-31,2024-02-10,2024-02-11
1617,7,1,1,34,2024-01-31,2024-02-09,2024-02-07
1618,87,1,2,199,2024-02-29,2024-03-10,2024-03-08
1619,67,1,3,102,2024-12-31,2025-01-11,2025-01-10
1620,38,3,3,196,2024-10-31,2024-11-09,2024-11-08
1621,51,3,2,184,2024-01-31,2024-02-14,2024-02-17
1622,13,2,2,79,2024-06-30,2024-07-05,2024-07-06
1623,23,2,1,119,2024-12-31,2025-01-11,2025-01-12
1624,57,1,3,23,2024-01-31,2024-02-06,2024-02-09
1625,69,3,1,113,2024-03-31,2024-04-06,2024-04-09
1626,79,5,3,153,2024-09-30,2024-10-05,2024-10-04
1627,19,5,2,76,2024-04-30,2024-05-08,2024-05-08
1628,33,4,1,18,2024-11-30,2024-12-10,2024-12-10
1629,49,3,1,85,2024-06-30,2024-07-12,2024-07-14
1630,21,1,1,193,2024-05-31,2024-06-12,2024-06-11
1631,18,4,1,164,2024-10-31,2024-11-13,2024-11-15
1632,3,3,3,76,2024-01-31,2024-02-06,2024-02-06
1633,46,2,3,170,2024-10-31,2024-11-11,2024-11-10
1634,11,3,2,144,2024-01-31,2024-02-14,2024-02-16
1635,79,3,3,64,2024-04-30,2024-05-10,2024-05-08
1636,42,2,2,59,2024-07-31,2024-08-08,2024-08-09
1637,98,3,2,57,2024-01-31,2024-02-05,2024-02-05
1638,87,5,1,30,2024-09-30,2024-10-12,2024-10-10
1639,16,3,3,193,2024-09-30,2024-10-08,2024-10-11
1640,78,4,2,93,2024-09-30,2024-10-06,2024-10-09
1641,59,5,3,83,2024-04-30,2024-05-06,2024-05-06
1642,32,2,1,195,2024-06-30,2024-07-05,2024-07-08
1643,39,2,1,81,2024-09-30,2024-10-14,2024-10-16
1644,4,4,1,113,2024-07-31,2024-08-11,2024-08-09
1645,47,5,2,192,2024-02-29,2024-03-05,2024-03-03
1646,16,5,1,19,2024-10-31,2024-11-10,2024-11-11
1647,95,2,2,122,2024-02-29,2024-03-07,2024-03-08
1648,70,4,3,22,2024-09-30,2024-10-06,2024-10-04
1649,50,1,3,66,2024-06-30,2024-07-06,2024-07-05
1650,63,1,2,72,2024-08-31,2024-09-07,2024-09-07
1651,73,5,1,61,2024-12-31,2025-01-11,2025-01-13
1652,8,5,3,182,2024-05-31,2024-06-05,2024-06-03
1653,54,3,3,55,2024-10-31,2024-11-05,2024-11-07
1654,18,4,1,32,2024-11-30,2024-12-13,2024-12-16
1655,56,1,3,162,2024-09-30,2024-10-05,2024-10-08
1656,28,2,1,184,2024-04-30,2024-05-06,2024-05-06
1657,9,1,3,62,2024-02-29,2024-03-07,2024-03-05
1658,100,5,2,72,2024-03-31,2024-04-10,2024-04-13
1659,47,4,1,29,2024-05-31,2024-06-06,2024-06-09
1660,36,5,3,129,2024-06-30,2024-07-14,2024-07-17
1661,40,5,2,55,2024-04-30,2024-05-11,2024-05-11
1662,1,5,1,18,2024-06-30,2024-07-06,2024-07-05
1663,70,5,1,156,2024-01-31,2024-02-14,2024-02-12
1664,60,4,3,26,2024-04-30,2024-05-11,2024-05-12
1665,77,5,2,16,2024-09-30,2024-10-10,2024-10-11
1666,46,2,3,162,2024-07-31,2024-08-10,2024-08-12
1667,3,3,1,171,2024-08-31,2024-09-05,2024-09-06
1668,8,3,1,165,2024-12-31,2025-01-06,2025-01-05
1669,41,1,1,98,2024-06-30,2024-07-11,2024-07-12
1670,97,5,2,65,2024-04-30,2024-05-05,2024-05-04
1671,87,4,3,139,2024-03-31,2024-04-13,2024-04-15
1672,41,2,3,89,2024-11-30,2024-12-13,2024-12-11
1673,2,3,2,188,2024-10-31,2024-11-07,2024-11-06
1674,80,5,2,65,2024-08-31,2024-09-12,2024-09-11
1675,95,5,1,196,2024-07-31,2024-08-09,2024-08-07
1676,41,5,2,91,2024-01-31,2024-02-07,2024-02-07
1677,5,2,2,188,2024-09-30,2024-10-14,2024-10-15
1678,36,2,2,174,2024-04-30,2024-05-14,2024-05-16
1679,19,4,2,65,2024-12-31,2025-01-08,2025-01-06
1680,54,5,3,46,2024-05-31,2024-06-08,2024-06-09
1681,83,2,1,32,2024-07-31,2024-08-08,2024-08-06
1682,60,2,3,198,2024-01-31,2024-02-07,2024-02-05
1683,82,3,1,34,2024-03-31,2024-04-05,2024-04-07
1684,65,3,2,132,2024-09-30,2024-10-09,2024-10-10
1685,93,1,2,65,2024-01-31,2024-02-07,2024-02-10
1686,72,2,1,185,2024-04-30,2024-05-08,2024-05-11
1687,80,2,1,19,2024-07-31,2024-08-14,2024-08-14
1688,9,1,1,18,2024-05-31,2024-06-12,2024-06-12
1689,8,1,2,75,2024-10-31,2024-11-09,2024-11-09
1690,59,3,2,79,2024-07-31,2024-08-07,2024-08-05
1691,56,3,2,90,2024-03-31,2024-04-06,2024-04-07
1692,88,2,3,121,2024-11-30,2024-12-12,2024-12-11
1693,27,1,1,196,2024-03-31,2024-04-06,2024-04-04
1694,58,2,3,161,2024-01-31,2024-02-10,2024-02-10
1695,86,3,3,132,2024-08-31,2024-09-09,2024-09-10
1696,73,5,2,141,2024-08-31,2024-09-12,2024-09-13
1697,61,1,2,29,2024-10-31,2024-11-06,2024-11-06
1698,10,3,1,136,2024-09-30,2024-10-13,2024-10-14
1699,81,3,3,55,2024-08-31,2024-09-08,2024-09-07
1700,10,2,2,17,2024-07-31,2024-08-14,2024-08-12
1701,79,5,2,54,2024-02-29,2024-03-06,2024-03-08
1702,95,2,2,109,2024-08-31,2024-09-09,2024-09-07
1703,20,3,2,88,2024-08-31,2024-09-05,2024-09-03
1704,16,4,3,145,2024-03-31,2024-04-07,2024-04-10
1705,67,4,1,197,2024-04-30,2024-05-07,2024-05-10
1706,80,1,2,179,2024-08-31,2024-09-05,2024-09-06
1707,86,3,2,142,2024-05-31,2024-06-08,2024-06-11
1708,55,2,3,99,2024-01-31,2024-02-13,2024-02-16
1709,24,1,3,131,2024-04-30,2024-05-11,2024-05-14
1710,14,5,2,147,2024-07-31,2024-08-13,2024-08-13
1711,79,4,1,80,2024-11-30,2024-12-12,2024-12-11
1712,99,1,3,17,2024-02-29,2024-03-13,2024-03-14
1713,58,3,1,105,2024-03-31,2024-04-12,2024-04-12
1714,2,3,1,110,2024-04-30,2024-05-05,2024-05-04
1715,22,3,2,40,2024-07-31,2024-08-13,2024-08-16
1716,91,4,1,27,2024-04-30,2024-05-05,2024-05-03
1717,86,2,2,121,2024-01-31,2024-02-14,2024-02-14
1718,78,1,2,97,2024-06-30,2024-07-10,2024-07-12
1719,36,4,1,48,2024-06-30,2024-07-08,2024-07-10
1720,4,2,1,177,2024-07-31,2024-08-09,2024-08-09
1721,31,3,1,134,2024-07-31,2024-08-07,2024-08-08
1722,13,4,1,128,2024-09-30,2024-10-07,2024-10-10
1723,10,1,1,133,2024-10-31,2024-11-05,2024-11-04
1724,66,1,3,77,2024-02-29,2024-03-07,2024-03-06
1725,37,1,1,53,2024-03-31,2024-04-13,2024-04-12
1726,51,2,2,49,2024-01-31,2024-02-08,2024-02-09
1727,60,2,3,14,2024-10-31,2024-11-10,2024-11-10
1728,14,4,2,36,2024-06-30,2024-07-14,2024-07-15
1729,8,2,2,145,2024-09-30,2024-10-08,2024-10-06
1730,19,1,3,133,2024-01-31,2024-02-08,2024-02-10
1731,14,1,1,102,2024-02-29,2024-03-05,2024-03-07
1732,37,3,2,33,2024-05-31,2024-06-09,2024-06-11
1733,53,2,2,104,2024-12-31,2025-01-12,2025-01-10
1734,91,4,2,35,2024-02-29,2024-03-08,2024-03-07
1735,84,2,1,169,2024-01-31,2024-02-06,2024-02-04
1736,92,1,2,13,2024-07-31,2024-08-08,2024-08-10
1737,36,1,3,111,2024-12-31,2025-01-07,2025-01-10
1738,45,5,1,143,2024-08-31,2024-09-09,2024-09-11
1739,51,4,2,182,2024-05-31,2024-06-13,2024-06-12
1740,35,1,3,182,2024-11-30,2024-12-08,2024-12-07
1741,90,3,1,74,2024-02-29,2024-03-13,2024-03-15
1742,84,1,1,124,2024-12-31,2025-01-07,2025-01-09
1743,77,3,2,63,2024-02-29,2024-03-10,2024-03-13
1744,38,4,1,119,2024-05-31,2024-06-11,2024-06-13
1745,47,4,1,170,2024-12-31,2025-01-13,2025-01-13
1746,82,2,2,49,2024-02-29,2024-03-08,2024-03-07
1747,92,4,1,184,2024-02-29,2024-03-14,2024-03-13
1748,94,5,1,110,2024-12-31,2025-01-11,2025-01-09
1749,2,3,3,107,2024-04-30,2024-05-14,2024-05-17
1750,23,2,1,81,2024-06-30,2024-07-09,2024-07-10
1751,22,1,2,154,2024-05-31,2024-06-11,2024-06-09
1752,61,1,1,86,2024-06-30,2024-07-11,2024-07-14
1753,85,5,2,153,2024-03-31,2024-04-13,2024-04-15
1754,94,4,2,179,2024-07-31,2024-08-07,2024-08-05
1755,67,1,1,80,2024-03-31,2024-04-08,2024-04-06
1756,67,4,3,75,2024-05-31,2024-06-09,2024-06-08
1757,31,3,2,103,2024-01-31,2024-02-07,2024-02-10
1758,89,2,3,198,2024-06-30,2024-07-05,2024-07-03
1759,61,1,1,23,2024-06-30,2024-07-11,2024-07-10
1760,32,2,2,76,2024-02-29,2024-03-06,2024-03-09
1761,38,3,3,121,2024-05-31,2024-06-12,2024-06-15
1762,34,4,1,43,2024-04-30,2024-05-11,2024-05-10
1763,70,2,3,43,2024-03-31,2024-04-13,2024-04-15
1764,68,5,1,112,2024-08-31,2024-09-07,2024-09-07
1765,11,4,3,45,2024-02-29,2024-03-14,2024-03-17
1766,89,2,1,113,2024-01-31,2024-02-05,2024-02-05
1767,85,5,1,100,2024-10-31,2024-11-06,2024-11-07
1768,92,1,1,35,2024-10-31,2024-11-06,2024-11-08
1769,41,1,2,108,2024-02-29,2024-03-10,2024-03-11
1770,54,3,3,156,2024-12-31,2025-01-06,2025-01-05
1771,11,4,1,196,2024-11-30,2024-12-12,2024-12-15
1772,25,3,1,51,2024-04-30,2024-05-13,2024-05-14
1773,10,3,2,142,2024-01-31,2024-02-09,2024-02-11
1774,29,2,1,143,2024-05-31,2024-06-06,2024-06-07
1775,42,3,2,164,2024-03-31,2024-04-13,2024-04-15
1776,27,3,2,157,2024-03-31,2024-04-11,2024-04-12
1777,93,1,1,38,2024-05-31,2024-06-12,2024-06-15
1778,32,2,3,60,2024-08-31,2024-09-07,2024-09-08
1779,55,3,1,198,2024-04-30,2024-05-09,2024-05-07
1780,87,1,1,122,2024-06-30,2024-07-07,2024-07-08
1781,56,4,1,63,2024-01-31,2024-02-14,2024-02-13
1782,10,3,1,161,2024-10-31,2024-11-14,2024-11-13
1783,88,1,2,108,2024-02-29,2024-03-05,2024-03-07
1784,96,3,2,145,2024-06-30,2024-07-14,2024-07-17
1785,9,1,3,171,2024-09-30,2024-10-06,2024-10-06
1786,54,2,1,91,2024-12-31,2025-01-08,2025-01-08
1787,27,3,1,143,2024-07-31,2024-08-14,2024-08-12
1788,68,4,3,105,2024-12-31,2025-01-14,2025-01-13
1789,11,1,3,164,2024-06-30,2024-07-14,2024-07-13
1790,72,5,1,30,2024-08-31,2024-09-05,2024-09-08
1791,58,5,1,15,2024-07-31,2024-08-08,2024-08-09
1792,58,1,1,21,2024-06-30,2024-07-07,2024-07-08
1793,76,4,1,61,2024-05-31,2024-06-09,2024-06-09
1794,98,2,3,178,2024-10-31,2024-11-13,2024-11-16
1795,91,1,2,124,2024-01-31,2024-02-09,2024-02-07
1796,75,1,2,196,2024-11-30,2024-12-11,2024-12-10
1797,15,4,1,56,2024-10-31,2024-11-12,2024-11-14
1798,42,3,3,50,2024-05-31,2024-06-13,2024-06-16
1799,72,3,2,72,2024-07-31,2024-08-08,2024-08-09
1800,38,1,3,14,2024-05-31,2024-06-12,2024-06-15
1801,81,1,2,154,2024-02-29,2024-03-14,2024-03-14
1802,26,4,3,11,2024-12-31,2025-01-06,2025-01-09
1803,71,4,1,47,2024-07-31,2024-08-08,2024-08-11
1804,73,4,3,163,2024-04-30,2024-05-14,2024-05-15
1805,5,3,2,27,2024-09-30,2024-10-05,2024-10-07
1806,37,4,3,26,2024-03-31,2024-04-14,2024-04-15
1807,59,5,2,91,2024-01-31,2024-02-08,2024-02-11
1808,7,1,1,49,2024-08-31,2024-09-13,2024-09-13
1809,51,1,3,104,2024-04-30,2024-05-05,2024-05-04
1810,86,3,2,190,2024-03-31,2024-04-12,2024-04-14
1811,90,2,2,43,2024-08-31,2024-09-13,2024-09-13
1812,13,2,2,129,2024-05-31,2024-06-12,2024-06-15
1813,94,4,3,78,2024-06-30,2024-07-06,2024-07-08
1814,49,2,2,84,2024-04-30,2024-05-13,2024-05-16
1815,34,2,3,174,2024-12-31,2025-01-05,2025-01-06
1816,33,3,3,18,2024-02-29,2024-03-11,2024-03-11
1817,94,2,1,29,2024-07-31,2024-08-11,2024-08-09
1818,44,5,3,160,2024-06-30,2024-07-14,2024-07-13
1819,57,4,2,92,2024-01-31,2024-02-09,2024-02-11
1820,26,3,1,59,2024-03-31,2024-04-08,2024-04-07
1821,33,3,1,145,2024-02-29,2024-03-11,2024-03-14
1822,55,3,2,119,2024-05-31,2024-06-10,2024-06-08
1823,34,3,1,163,2024-01-31,2024-02-08,2024-02-09
1824,5,1,3,159,2024-04-30,2024-05-06,2024-05-08
1825,86,3,1,73,2024-08-31,2024-09-08,2024-09-11
1826,82,1,3,123,2024-04-30,2024-05-08,2024-05-10
1827,74,1,2,186,2024-06-30,2024-07-07,2024-07-05
1828,76,4,2,179,2024-07-31,2024-08-14,2024-08-13
1829,71,4,1,39,2024-12-31,2025-01-05,2025-01-04
1830,46,3,2,106,2024-11-30,2024-12-06,2024-12-09
1831,35,4,1,93,2024-08-31,2024-09-07,2024-09-06
1832,97,5,2,46,2024-01-31,2024-02-09,2024-02-07
1833,5,2,1,162,2024-12-31,2025-01-09,2025-01-09
1834,56,2,2,77,2024-12-31,2025-01-08,2025-01-08
1835,73,2,3,15,2024-10-31,2024-11-10,2024-11-12
1836,6,1,1,30,2024-12-31,2025-01-10,2025-01-11
1837,94,5,3,195,2024-06-30,2024-07-08,2024-07-11
1838,60,3,3,168,2024-03-31,2024-04-12,2024-04-14
1839,18,1,2,34,2024-10-31,2024-11-14,2024-11-13
1840,11,5,1,187,2024-05-31,2024-06-10,2024-06-08
1841,39,3,1,152,2024-06-30,2024-07-13,2024-07-11
1842,52,2,2,40,2024-04-30,2024-05-13,2024-05-16
1843,67,1,3,180,2024-01-31,2024-02-13,2024-02-11
1844,5,2,1,182,2024-12-31,2025-01-12,2025-01-14
1845,74,2,2,112,2024-12-31,2025-01-10,2025-01-12
1846,39,4,2,99,2024-09-30,2024-10-09,2024-10-10
1847,77,4,2,61,2024-12-31,2025-01-07,2025-01-07
1848,97,2,3,24,2024-04-30,2024-05-09,2024-05-09
1849,74,1,2,125,2024-08-31,2024-09-14,2024-09-15
1850,30,3,3,69,2024-05-31,2024-06-07,2024-06-09
1851,28,4,2,148,2024-08-31,2024-09-09,2024-09-10
1852,15,3,3,55,2024-12-31,2025-01-11,2025-01-14
1853,82,2,3,77,2024-07-31,2024-08-07,2024-08-05
1854,51,3,3,143,2024-10-31,2024-11-07,2024-11-10
1855,11,4,1,29,2024-10-31,2024-11-14,2024-11-14
1856,14,4,3,21,2024-04-30,2024-05-11,2024-05-13
1857,72,2,1,104,2024-09-30,2024-10-05,2024-10-04
1858,29,4,3,94,2024-09-30,2024-10-12,2024-10-15
1859,39,2,3,84,2024-06-30,2024-07-08,2024-07-10
1860,46,5,1,13,2024-04-30,2024-05-08,2024-05-08
1861,65,4,2,176,2024-12-31,2025-01-05,2025-01-08
1862,100,2,3,168,2024-03-31,2024-04-11,2024-04-14
1863,79,1,2,22,2024-07-31,2024-08-12,2024-08-14
1864,43,4,3,197,2024-12-31,2025-01-10,2025-01-11
1865,16,3,3,67,2024-04-30,2024-05-09,2024-05-07
1866,35,2,1,167,2024-12-31,2025-01-11,2025-01-10
1867,83,4,2,176,2024-10-31,2024-11-13,2024-11-16
1868,30,4,2,105,2024-10-31,2024-11-13,2024-11-15
1869,50,1,2,176,2024-09-30,2024-10-13,2024-10-12
1870,37,5,3,60,2024-10-31,2024-11-12,2024-11-10
1871,11,4,2,107,2024-03-31,2024-04-14,2024-04-14
1872,15,1,2,97,2024-11-30,2024-12-12,2024-12-15
1873,3,2,1,169,2024-06-30,2024-07-05,2024-07-08
1874,42,1,3,162,2024-02-29,2024-03-09,2024-03-07
1875,71,1,2,132,2024-06-30,2024-07-11,2024-07-10
1876,85,1,1,196,2024-04-30,2024-05-13,2024-05-16
1877,95,1,1,116,2024-12-31,2025-01-08,2025-01-10
1878,27,1,3,173,2024-08-31,2024-09-07,2024-09-09
1879,19,5,1,131,2024-01-31,2024-02-11,2024-02-14
1880,96,3,3,89,2024-10-31,2024-11-13,2024-11-11
1881,39,5,3,176,2024-08-31,2024-09-10,2024-09-08
1882,81,1,3,79,2024-10-31,2024-11-13,2024-11-12
1883,11,4,1,40,2024-05-31,2024-06-11,2024-06-11
1884,67,4,3,49,2024-06-30,2024-07-13,2024-07-11
1885,81,4,3,181,2024-09-30,2024-10-06,2024-10-04
1886,30,2,3,70,2024-04-30,2024-05-08,2024-05-11
1887,97,1,2,13,2024-07-31,2024-08-10,2024-08-10
1888,89,4,1,159,2024-10-31,2024-11-13,2024-11-11
1889,59,1,2,53,2024-04-30,2024-05-09,2024-05-11
1890,16,1,3,198,2024-08-31,2024-09-09,2024-09-08
1891,8,2,3,19,2024-09-30,2024-10-08,2024-10-08
1892,100,3,3,180,2024-03-31,2024-04-14,2024-04-13
1893,51,3,2,68,2024-02-29,2024-03-06,2024-03-05
1894,23,4,3,26,2024-02-29,2024-03-05,2024-03-06
1895,16,2,2,153,2024-02-29,2024-03-12,2024-03-15
1896,71,1,3,73,2024-04-30,2024-05-11,2024-05-10
1897,68,1,1,136,2024-11-30,2024-12-08,2024-12-08
1898,79,1,2,115,2024-12-31,2025-01-07,2025-01-07
1899,22,1,2,104,2024-06-30,2024-07-05,2024-07-07
1900,14,1,1,140,2024-05-31,2024-06-05,2024-06-08
1901,19,1,2,63,2024-12-31,2025-01-14,2025-01-13
1902,16,5,3,57,2024-11-30,2024-12-06,2024-12-07
1903,30,3,1,28,2024-07-31,2024-08-08,2024-08-11
1904,33,3,2,45,2024-02-29,2024-03-11,2024-03-10
1905,60,5,1,191,2024-06-30,2024-07-13,2024-07-14
1906,98,4,2,146,2024-12-31,2025-01-08,2025-01-10
1907,44,5,1,36,2024-06-30,2024-07-11,2024-07-09
1908,5,4,1,22,2024-10-31,2024-11-06,2024-11-05
1909,2,3,1,56,2024-06-30,2024-07-11,2024-07-09
1910,75,2,2,21,2024-09-30,2024-10-09,2024-10-11
1911,70,3,3,52,2024-10-31,2024-11-11,2024-11-13
1912,23,5,2,153,2024-03-31,2024-04-13,2024-04-16
1913,56,5,1,95,2024-07-31,2024-08-13,2024-08-12
1914,28,5,2,10,2024-05-31,2024-06-06,2024-06-06
1915,98,3,3,178,2024-10-31,2024-11-06,2024-11-06
1916,83,2,2,130,2024-11-30,2024-12-07,2024-12-05
1917,71,2,3,155,2024-12-31,2025-01-10,2025-01-12
1918,9,3,1,69,2024-12-31,2025-01-08,2025-01-09
1919,48,5,2,67,2024-07-31,2024-08-14,2024-08-15
1920,18,1,2,123,2024-01-31,2024-02-05,2024-02-03
1921,100,4,2,69,2024-09-30,2024-10-05,2024-10-05
1922,51,2,2,196,2024-04-30,2024-05-14,2024-05-17
1923,93,5,1,114,2024-01-31,2024-02-07,2024-02-05
1924,54,4,3,58,2024-06-30,2024-07-09,2024-07-10
1925,88,2,1,57,2024-08-31,2024-09-14,2024-09-15
1926,15,4,2,71,2024-11-30,2024-12-10,2024-12-11
1927,41,1,3,64,2024-12-31,2025-01-09,2025-01-10
1928,9,2,3,126,2024-12-31,2025-01-09,2025-01-08
1929,28,5,2,177,2024-08-31,2024-09-05,2024-09-08
1930,81,3,1,67,2024-08-31,2024-09-05,2024-09-03
1931,2,1,2,112,2024-09-30,2024-10-07,2024-10-05
1932,17,3,3,147,2024-06-30,2024-07-11,2024-07-09
1933,37,2,2,72,2024-01-31,2024-02-12,2024-02-12
1934,58,3,3,94,2024-03-31,2024-04-11,2024-04-12
1935,47,3,2,188,2024-04-30,2024-05-13,2024-05-12
1936,15,1,3,149,2024-07-31,2024-08-11,2024-08-11
1937,84,5,3,58,2024-03-31,2024-04-09,2024-04-10
1938,66,2,2,80,2024-12-31,2025-01-14,2025-01-16
1939,47,4,2,40,2024-06-30,2024-07-05,2024-07-06
1940,20,3,3,107,2024-01-31,2024-02-11,2024-02-14
1941,53,4,1,166,2024-08-31,2024-09-06,2024-09-05
1942,89,1,2,54,2024-03-31,2024-04-09,2024-04-11
1943,76,4,3,196,2024-10-31,2024-11-06,2024-11-08
1944,16,3,2,44,2024-11-30,2024-12-14,2024-12-13
1945,81,2,2,145,2024-11-30,2024-12-14,2024-12-14
1946,59,4,3,175,2024-02-29,2024-03-07,2024-03-05
1947,73,4,2,107,2024-08-31,2024-09-13,2024-09-16
1948,2,5,2,36,2024-05-31,2024-06-11,2024-06-14
1949,68,2,3,181,2024-10-31,2024-11-13,2024-11-11
1950,79,1,1,94,2024-07-31,2024-08-14,2024-08-15
1951,85,2,3,24,2024-01-31,2024-02-06,2024-02-07
1952,35,3,1,39,2024-04-30,2024-05-11,2024-05-11
1953,74,2,2,181,2024-03-31,2024-04-07,2024-04-09
1954,3,2,1,68,2024-12-31,2025-01-13,2025-01-15
1955,14,3,3,87,2024-10-31,2024-11-08,2024-11-09
1956,58,2,1,89,2024-05-31,2024-06-06,2024-06-05
1957,7,5,2,54,2024-07-31,2024-08-05,2024-08-05
1958,52,2,3,30,2024-01-31,2024-02-12,2024-02-11
1959,23,4,2,152,2024-07-31,2024-08-06,2024-08-09
1960,33,4,3,83,2024-05-31,2024-06-06,2024-06-04
1961,10,4,3,194,2024-03-31,2024-04-13,2024-04-11
1962,7,4,3,57,2024-10-31,2024-11-10,2024-11-11
1963,4,4,3,26,2024-02-29,2024-03-08,2024-03-11
1964,54,1,2,190,2024-04-30,2024-05-09,2024-05-11
1965,47,2,2,144,2024-12-31,2025-01-13,2025-01-14
1966,43,5,3,58,2024-06-30,2024-07-10,2024-07-09
1967,27,3,1,131,2024-09-30,2024-10-14,2024-10-16
1968,71,3,3,126,2024-06-30,2024-07-08,2024-07-08
1969,97,1,2,183,2024-09-30,2024-10-12,2024-10-13
1970,41,4,1,189,2024-09-30,2024-10-06,2024-10-08
1971,97,5,1,177,2024-07-31,2024-08-12,2024-08-13
1972,62,1,2,68,2024-09-30,2024-10-13,2024-10-15
1973,46,4,1,43,2024-11-30,2024-12-08,2024-12-06
1974,62,1,3,102,2024-04-30,2024-05-09,2024-05-10
1975,93,3,1,197,2024-01-31,2024-02-13,2024-02-12
1976,61,2,1,57,2024-04-30,2024-05-13,2024-05-14
1977,46,1,1,86,2024-09-30,2024-10-07,2024-10-09
1978,48,3,3,26,2024-02-29,2024-03-06,2024-03-04
1979,87,2,1,38,2024-03-31,2024-04-14,2024-04-16
1980,66,4,1,129,2024-12-31,2025-01-08,2025-01-09
1981,94,3,3,153,2024-02-29,2024-03-14,2024-03-15
1982,42,3,3,180,2024-09-30,2024-10-07,2024-10-08
1983,61,2,2,72,2024-10-31,2024-11-07,2024-11-07
1984,56,5,1,143,2024-04-30,2024-05-05,2024-05-06
1985,24,2,3,144,2024-11-30,2024-12-08,2024-12-09
1986,63,5,2,167,2024-07-31,2024-08-13,2024-08-15
1987,97,4,2,159,2024-09-30,2024-10-14,2024-10-16
1988,21,5,2,36,2024-06-30,2024-07-07,2024-07-10
1989,60,4,3,140,2024-01-31,2024-02-09,2024-02-12
1990,30,3,3,29,2024-03-31,2024-04-06,2024-04-06
1991,72,5,2,36,2024-12-31,2025-01-11,2025-01-09
1992,90,5,2,156,2024-02-29,2024-03-13,2024-03-12
1993,66,3,3,110,2024-07-31,2024-08-11,2024-08-11
1994,10,1,3,192,2024-07-31,2024-08-10,2024-08-13
1995,77,5,2,60,2024-03-31,2024-04-06,2024-04-04
1996,2,3,2,79,2024-04-30,2024-05-11,2024-05-14
1997,15,4,3,145,2024-09-30,2024-10-10,2024-10-09
1998,49,3,3,158,2024-01-31,2024-02-08,2024-02-10
1999,58,5,2,87,2024-10-31,2024-11-08,2024-11-07
2000,89,2,2,133,2024-02-29,2024-03-05,2024-03-07
